1,1666506192.355276__file_1.mp3,1666506192.355276__file_1.aac,2022-10-23 06:22:56.951225+00,MP3,AAC,PROCESSED,1,2022-10-23 06:23:20.689463+00
26,1666506202.876239__file_26.wma,,2022-10-23 06:23:22.579192+00,WMA,MP3,UPLOADED,1,
27,1666506203.132528__file_27.wma,,2022-10-23 06:23:22.957157+00,WMA,MP3,UPLOADED,1,
28,1666506203.350286__file_28.wma,,2022-10-23 06:23:23.14261+00,WMA,AAC,UPLOADED,1,
29,1666506203.564849__file_29.wma,,2022-10-23 06:23:23.363635+00,WMA,OGG,UPLOADED,1,
30,1666506203.725256__file_30.wma,,2022-10-23 06:23:23.568213+00,WMA,WAV,UPLOADED,1,
2,1666506192.765314__file_2.mp3,1666506192.765314__file_2.aac,2022-10-23 06:23:12.386852+00,MP3,AAC,PROCESSED,1,2022-10-23 06:23:28.852884+00
3,1666506193.178995__file_3.mp3,1666506193.178995__file_3.aac,2022-10-23 06:23:12.784478+00,MP3,AAC,PROCESSED,1,2022-10-23 06:23:32.488295+00
4,1666506193.474589__file_4.mp3,1666506193.474589__file_4.ogg,2022-10-23 06:23:13.188164+00,MP3,OGG,PROCESSED,1,2022-10-23 06:23:36.043562+00
5,1666506193.833297__file_5.mp3,1666506193.833297__file_5.ogg,2022-10-23 06:23:13.483041+00,MP3,OGG,PROCESSED,1,2022-10-23 06:23:40.595923+00
6,1666506194.095018__file_6.mp3,1666506194.095018__file_6.wav,2022-10-23 06:23:13.841602+00,MP3,WAV,PROCESSED,1,2022-10-23 06:23:41.165839+00
7,1666506194.37177__file_7.mp3,1666506194.37177__file_7.wav,2022-10-23 06:23:14.106202+00,MP3,WAV,PROCESSED,1,2022-10-23 06:23:41.969733+00
8,1666506194.564575__file_8.mp3,1666506194.564575__file_8.wma,2022-10-23 06:23:14.388+00,MP3,WMA,PROCESSED,1,2022-10-23 06:23:43.558899+00
9,1666506195.14618__file_9.mp3,1666506195.14618__file_9.wma,2022-10-23 06:23:14.711321+00,MP3,WMA,PROCESSED,1,2022-10-23 06:23:45.99656+00
10,1666506195.591204__file_10.aac,1666506195.591204__file_10.mp3,2022-10-23 06:23:15.168911+00,AAC,MP3,PROCESSED,1,2022-10-23 06:23:52.482814+00
11,1666506195.854729__file_11.aac,1666506195.854729__file_11.mp3,2022-10-23 06:23:15.600666+00,AAC,MP3,PROCESSED,1,2022-10-23 06:23:58.915587+00
12,1666506196.029365__file_12.aac,1666506196.029365__file_12.mp3,2022-10-23 06:23:15.862758+00,AAC,MP3,PROCESSED,1,2022-10-23 06:24:03.113576+00
13,1666506196.238755__file_13.aac,1666506196.238755__file_13.ogg,2022-10-23 06:23:16.042644+00,AAC,OGG,PROCESSED,1,2022-10-23 06:24:07.761152+00
14,1666506196.431771__file_14.aac,1666506196.431771__file_14.ogg,2022-10-23 06:23:16.247116+00,AAC,OGG,PROCESSED,1,2022-10-23 06:24:11.567731+00
15,1666506196.679044__file_15.aac,1666506196.679044__file_15.wav,2022-10-23 06:23:16.440563+00,AAC,WAV,PROCESSED,1,2022-10-23 06:24:12.211735+00
16,1666506196.963643__file_16.aac,1666506196.963643__file_16.wma,2022-10-23 06:23:16.687259+00,AAC,WMA,PROCESSED,1,2022-10-23 06:24:13.606054+00
17,1666506197.118696__file_17.ogg,1666506197.118696__file_17.mp3,2022-10-23 06:23:16.966863+00,OGG,MP3,PROCESSED,1,2022-10-23 06:24:19.435604+00
18,1666506197.334416__file_18.ogg,1666506197.334416__file_18.mp3,2022-10-23 06:23:17.123522+00,OGG,MP3,PROCESSED,1,2022-10-23 06:24:24.321434+00
19,1666506197.516895__file_19.ogg,1666506197.516895__file_19.wav,2022-10-23 06:23:17.361397+00,OGG,WAV,PROCESSED,1,2022-10-23 06:24:25.304712+00
20,1666506197.765568__file_20.ogg,1666506197.765568__file_20.aac,2022-10-23 06:23:17.537633+00,OGG,AAC,PROCESSED,1,2022-10-23 06:24:29.010757+00
21,1666506198.054109__file_21.ogg,1666506198.054109__file_21.wma,2022-10-23 06:23:17.773857+00,OGG,WMA,PROCESSED,1,2022-10-23 06:24:31.854185+00
22,1666506199.037333__file_22.wav,1666506199.037333__file_22.aac,2022-10-23 06:23:18.067434+00,WAV,AAC,PROCESSED,1,2022-10-23 06:24:34.97825+00
23,1666506200.364875__file_23.wav,1666506200.364875__file_23.mp3,2022-10-23 06:23:19.059398+00,WAV,MP3,PROCESSED,1,2022-10-23 06:24:40.586328+00
24,1666506201.327232__file_24.wav,1666506201.327232__file_24.ogg,2022-10-23 06:23:20.373494+00,WAV,OGG,PROCESSED,1,2022-10-23 06:24:44.408972+00
25,1666506202.528832__file_25.wav,1666506202.528832__file_25.wma,2022-10-23 06:23:21.333808+00,WAV,WMA,PROCESSED,1,2022-10-23 06:24:45.733225+00
31,1666506203.952122__file_1.mp3,1666506203.952122__file_1.aac,2022-10-23 06:23:23.730598+00,MP3,AAC,PROCESSED,1,2022-10-23 06:24:50.034953+00
32,1666506204.210088__file_2.mp3,1666506204.210088__file_2.aac,2022-10-23 06:23:23.96364+00,MP3,AAC,PROCESSED,1,2022-10-23 06:24:53.997043+00
33,1666506204.458657__file_3.mp3,1666506204.458657__file_3.aac,2022-10-23 06:23:24.214327+00,MP3,AAC,PROCESSED,1,2022-10-23 06:24:57.5609+00
34,1666506204.634041__file_4.mp3,1666506204.634041__file_4.ogg,2022-10-23 06:23:24.466513+00,MP3,OGG,PROCESSED,1,2022-10-23 06:25:01.248673+00
35,1666506204.862177__file_5.mp3,1666506204.862177__file_5.ogg,2022-10-23 06:23:24.639128+00,MP3,OGG,PROCESSED,1,2022-10-23 06:25:05.822587+00
36,1666506205.04473__file_6.mp3,1666506205.04473__file_6.wav,2022-10-23 06:23:24.875959+00,MP3,WAV,PROCESSED,1,2022-10-23 06:25:06.37561+00
37,1666506205.279372__file_7.mp3,1666506205.279372__file_7.wav,2022-10-23 06:23:25.056448+00,MP3,WAV,PROCESSED,1,2022-10-23 06:25:07.163629+00
38,1666506205.474089__file_8.mp3,1666506205.474089__file_8.wma,2022-10-23 06:23:25.29226+00,MP3,WMA,PROCESSED,1,2022-10-23 06:25:08.539015+00
39,1666506205.783498__file_9.mp3,1666506205.783498__file_9.wma,2022-10-23 06:23:25.501701+00,MP3,WMA,PROCESSED,1,2022-10-23 06:25:11.133769+00
40,1666506205.948814__file_10.aac,1666506205.948814__file_10.mp3,2022-10-23 06:23:25.807151+00,AAC,MP3,PROCESSED,1,2022-10-23 06:25:17.535801+00
41,1666506206.259209__file_11.aac,1666506206.259209__file_11.mp3,2022-10-23 06:23:25.953685+00,AAC,MP3,PROCESSED,1,2022-10-23 06:25:24.053594+00
42,1666506206.47156__file_12.aac,1666506206.47156__file_12.mp3,2022-10-23 06:23:26.271627+00,AAC,MP3,PROCESSED,1,2022-10-23 06:25:28.234757+00
43,1666506206.738259__file_13.aac,1666506206.738259__file_13.ogg,2022-10-23 06:23:26.485196+00,AAC,OGG,PROCESSED,1,2022-10-23 06:25:32.923553+00
44,1666506206.927486__file_14.aac,1666506206.927486__file_14.ogg,2022-10-23 06:23:26.750957+00,AAC,OGG,PROCESSED,1,2022-10-23 06:25:36.651335+00
45,1666506207.30482__file_15.aac,1666506207.30482__file_15.wav,2022-10-23 06:23:26.96617+00,AAC,WAV,PROCESSED,1,2022-10-23 06:25:37.275003+00
46,1666506207.545517__file_16.aac,1666506207.545517__file_16.wma,2022-10-23 06:23:27.321032+00,AAC,WMA,PROCESSED,1,2022-10-23 06:25:38.634926+00
47,1666506207.73393__file_17.ogg,1666506207.73393__file_17.mp3,2022-10-23 06:23:27.550347+00,OGG,MP3,PROCESSED,1,2022-10-23 06:25:44.398848+00
48,1666506207.944507__file_18.ogg,1666506207.944507__file_18.mp3,2022-10-23 06:23:27.744201+00,OGG,MP3,PROCESSED,1,2022-10-23 06:25:49.207686+00
49,1666506208.158613__file_19.ogg,1666506208.158613__file_19.wav,2022-10-23 06:23:27.966004+00,OGG,WAV,PROCESSED,1,2022-10-23 06:25:50.183231+00
50,1666506208.429838__file_20.ogg,1666506208.429838__file_20.aac,2022-10-23 06:23:28.181619+00,OGG,AAC,PROCESSED,1,2022-10-23 06:25:53.747873+00
53,1666506678.607741__file_3.mp3,1666506678.607741__file_3.aac,2022-10-23 06:31:18.377028+00,MP3,AAC,PROCESSED,1,2022-10-23 06:31:37.186715+00
54,1666506678.825216__file_4.mp3,1666506678.825216__file_4.ogg,2022-10-23 06:31:18.622022+00,MP3,OGG,PROCESSED,1,2022-10-23 06:31:40.811209+00
55,1666506679.048705__file_5.mp3,1666506679.048705__file_5.ogg,2022-10-23 06:31:18.831227+00,MP3,OGG,PROCESSED,1,2022-10-23 06:31:45.680786+00
56,1666506679.272589__file_6.mp3,1666506679.272589__file_6.wav,2022-10-23 06:31:19.056123+00,MP3,WAV,PROCESSED,1,2022-10-23 06:31:46.261544+00
58,1666506679.709501__file_8.mp3,1666506679.709501__file_8.wma,2022-10-23 06:31:19.529988+00,MP3,WMA,PROCESSED,1,2022-10-23 06:31:48.501863+00
59,1666506680.305054__file_9.mp3,1666506680.305054__file_9.wma,2022-10-23 06:31:19.973526+00,MP3,WMA,PROCESSED,1,2022-10-23 06:31:51.077584+00
60,1666506680.467136__file_10.aac,1666506680.467136__file_10.mp3,2022-10-23 06:31:20.314629+00,AAC,MP3,PROCESSED,1,2022-10-23 06:31:57.705206+00
62,1666506680.925639__file_12.aac,1666506680.925639__file_12.mp3,2022-10-23 06:31:20.742282+00,AAC,MP3,PROCESSED,1,2022-10-23 06:32:09.268595+00
63,1666506681.209651__file_13.aac,1666506681.209651__file_13.ogg,2022-10-23 06:31:20.948833+00,AAC,OGG,PROCESSED,1,2022-10-23 06:32:14.593564+00
65,1666506681.679885__file_15.aac,1666506681.679885__file_15.wav,2022-10-23 06:31:21.450461+00,AAC,WAV,PROCESSED,1,2022-10-23 06:32:20.039415+00
66,1666506681.877084__file_16.aac,1666506681.877084__file_16.wma,2022-10-23 06:31:21.688529+00,AAC,WMA,PROCESSED,1,2022-10-23 06:32:21.466211+00
67,1666506682.047158__file_17.ogg,1666506682.047158__file_17.mp3,2022-10-23 06:31:21.891359+00,OGG,MP3,PROCESSED,1,2022-10-23 06:32:27.198327+00
51,1666506678.067867__file_1.mp3,1666506678.067867__file_1.aac,2022-10-23 06:31:18.070247+00,MP3,AAC,PROCESSED,1,2022-10-23 06:31:25.63316+00
76,1666506687.138132__file_26.wma,,2022-10-23 06:31:26.859775+00,WMA,MP3,UPLOADED,1,
77,1666506687.365954__file_27.wma,,2022-10-23 06:31:27.159933+00,WMA,MP3,UPLOADED,1,
78,1666506687.716643__file_28.wma,,2022-10-23 06:31:27.520327+00,WMA,AAC,UPLOADED,1,
79,1666506687.990378__file_29.wma,,2022-10-23 06:31:27.730564+00,WMA,OGG,UPLOADED,1,
80,1666506688.159366__file_30.wma,,2022-10-23 06:31:27.998726+00,WMA,WAV,UPLOADED,1,
52,1666506678.366048__file_2.mp3,1666506678.366048__file_2.aac,2022-10-23 06:31:18.082994+00,MP3,AAC,PROCESSED,1,2022-10-23 06:31:33.350304+00
57,1666506679.522733__file_7.mp3,1666506679.522733__file_7.wav,2022-10-23 06:31:19.281276+00,MP3,WAV,PROCESSED,1,2022-10-23 06:31:47.063175+00
61,1666506680.737243__file_11.aac,1666506680.737243__file_11.mp3,2022-10-23 06:31:20.475757+00,AAC,MP3,PROCESSED,1,2022-10-23 06:32:04.114408+00
64,1666506681.441135__file_14.aac,1666506681.441135__file_14.ogg,2022-10-23 06:31:21.218097+00,AAC,OGG,PROCESSED,1,2022-10-23 06:32:19.370454+00
68,1666506682.23814__file_18.ogg,1666506682.23814__file_18.mp3,2022-10-23 06:31:22.0599+00,OGG,MP3,PROCESSED,1,2022-10-23 06:32:32.380634+00
69,1666506682.426501__file_19.ogg,1666506682.426501__file_19.wav,2022-10-23 06:31:22.256734+00,OGG,WAV,PROCESSED,1,2022-10-23 06:32:33.391902+00
70,1666506682.66074__file_20.ogg,1666506682.66074__file_20.aac,2022-10-23 06:31:22.442774+00,OGG,AAC,PROCESSED,1,2022-10-23 06:32:37.121432+00
71,1666506683.013131__file_21.ogg,1666506683.013131__file_21.wma,2022-10-23 06:31:22.675475+00,OGG,WMA,PROCESSED,1,2022-10-23 06:32:39.88431+00
72,1666506683.88492__file_22.wav,1666506683.88492__file_22.aac,2022-10-23 06:31:23.019548+00,WAV,AAC,PROCESSED,1,2022-10-23 06:32:43.00118+00
73,1666506685.023026__file_23.wav,1666506685.023026__file_23.mp3,2022-10-23 06:31:23.899173+00,WAV,MP3,PROCESSED,1,2022-10-23 06:32:48.749743+00
74,1666506685.933939__file_24.wav,1666506685.933939__file_24.ogg,2022-10-23 06:31:25.029846+00,WAV,OGG,PROCESSED,1,2022-10-23 06:32:52.725726+00
75,1666506686.844811__file_25.wav,1666506686.844811__file_25.wma,2022-10-23 06:31:25.939837+00,WAV,WMA,PROCESSED,1,2022-10-23 06:32:54.055434+00
81,1666506688.39432__file_1.mp3,1666506688.39432__file_1.aac,2022-10-23 06:31:28.172659+00,MP3,AAC,PROCESSED,1,2022-10-23 06:32:58.522955+00
82,1666506688.679954__file_2.mp3,1666506688.679954__file_2.aac,2022-10-23 06:31:28.407694+00,MP3,AAC,PROCESSED,1,2022-10-23 06:33:02.4591+00
83,1666506689.123927__file_3.mp3,1666506689.123927__file_3.aac,2022-10-23 06:31:28.84827+00,MP3,AAC,PROCESSED,1,2022-10-23 06:33:06.008712+00
84,1666506689.315438__file_4.mp3,1666506689.315438__file_4.ogg,2022-10-23 06:31:29.13316+00,MP3,OGG,PROCESSED,1,2022-10-23 06:33:09.576272+00
85,1666506689.574679__file_5.mp3,1666506689.574679__file_5.ogg,2022-10-23 06:31:29.323628+00,MP3,OGG,PROCESSED,1,2022-10-23 06:33:14.01601+00
86,1666506689.757267__file_6.mp3,1666506689.757267__file_6.wav,2022-10-23 06:31:29.584599+00,MP3,WAV,PROCESSED,1,2022-10-23 06:33:14.567993+00
87,1666506689.9796__file_7.mp3,1666506689.9796__file_7.wav,2022-10-23 06:31:29.762495+00,MP3,WAV,PROCESSED,1,2022-10-23 06:33:15.361425+00
88,1666506690.149441__file_8.mp3,1666506690.149441__file_8.wma,2022-10-23 06:31:29.992141+00,MP3,WMA,PROCESSED,1,2022-10-23 06:33:16.69591+00
89,1666506690.481826__file_9.mp3,1666506690.481826__file_9.wma,2022-10-23 06:31:30.156054+00,MP3,WMA,PROCESSED,1,2022-10-23 06:33:19.287289+00
90,1666506690.640376__file_10.aac,1666506690.640376__file_10.mp3,2022-10-23 06:31:30.495396+00,AAC,MP3,PROCESSED,1,2022-10-23 06:33:25.639652+00
91,1666506690.909466__file_11.aac,1666506690.909466__file_11.mp3,2022-10-23 06:31:30.644737+00,AAC,MP3,PROCESSED,1,2022-10-23 06:33:32.12507+00
92,1666506691.09395__file_12.aac,1666506691.09395__file_12.mp3,2022-10-23 06:31:30.917398+00,AAC,MP3,PROCESSED,1,2022-10-23 06:33:36.33247+00
93,1666506691.331906__file_13.aac,1666506691.331906__file_13.ogg,2022-10-23 06:31:31.09908+00,AAC,OGG,PROCESSED,1,2022-10-23 06:33:41.106063+00
94,1666506691.543164__file_14.aac,1666506691.543164__file_14.ogg,2022-10-23 06:31:31.339825+00,AAC,OGG,PROCESSED,1,2022-10-23 06:33:44.911259+00
95,1666506691.803093__file_15.aac,1666506691.803093__file_15.wav,2022-10-23 06:31:31.557314+00,AAC,WAV,PROCESSED,1,2022-10-23 06:33:45.532227+00
96,1666506692.001898__file_16.aac,1666506692.001898__file_16.wma,2022-10-23 06:31:31.815427+00,AAC,WMA,PROCESSED,1,2022-10-23 06:33:46.896237+00
97,1666506692.15897__file_17.ogg,1666506692.15897__file_17.mp3,2022-10-23 06:31:32.006876+00,OGG,MP3,PROCESSED,1,2022-10-23 06:33:52.597892+00
98,1666506692.398302__file_18.ogg,1666506692.398302__file_18.mp3,2022-10-23 06:31:32.16778+00,OGG,MP3,PROCESSED,1,2022-10-23 06:33:57.41418+00
99,1666506692.593529__file_19.ogg,1666506692.593529__file_19.wav,2022-10-23 06:31:32.413636+00,OGG,WAV,PROCESSED,1,2022-10-23 06:33:58.391705+00
100,1666506692.872708__file_20.ogg,1666506692.872708__file_20.aac,2022-10-23 06:31:32.60392+00,OGG,AAC,PROCESSED,1,2022-10-23 06:34:01.958215+00
