1,1666564270.903517__file_1.mp3,1666564270.903517__file_1.aac,2022-10-23 22:30:52.527699+00,MP3,AAC,PROCESSED,1,2022-10-23 22:31:19.280049+00
2,1666564271.273349__file_2.mp3,1666564271.273349__file_2.aac,2022-10-23 22:31:10.916227+00,MP3,AAC,PROCESSED,1,2022-10-23 22:31:28.472861+00
3,1666564271.586827__file_3.mp3,1666564271.586827__file_3.aac,2022-10-23 22:31:11.289582+00,MP3,AAC,PROCESSED,1,2022-10-23 22:31:37.291902+00
5,1666564272.041742__file_5.mp3,1666564272.041742__file_5.ogg,2022-10-23 22:31:11.821002+00,MP3,OGG,PROCESSED,1,2022-10-23 22:31:57.214295+00
6,1666564272.237445__file_6.mp3,1666564272.237445__file_6.wav,2022-10-23 22:31:12.052776+00,MP3,WAV,PROCESSED,1,2022-10-23 22:31:58.782461+00
7,1666564272.612327__file_7.mp3,1666564272.612327__file_7.wav,2022-10-23 22:31:12.247081+00,MP3,WAV,PROCESSED,1,2022-10-23 22:32:00.920758+00
9,1666564273.100767__file_9.mp3,1666564273.100767__file_9.wma,2022-10-23 22:31:12.804398+00,MP3,WMA,PROCESSED,1,2022-10-23 22:32:10.209079+00
10,1666564273.265305__file_10.aac,1666564273.265305__file_10.mp3,2022-10-23 22:31:13.123166+00,AAC,MP3,PROCESSED,1,2022-10-23 22:32:26.25938+00
12,1666564273.870905__file_12.aac,1666564273.870905__file_12.mp3,2022-10-23 22:31:13.563946+00,AAC,MP3,PROCESSED,1,2022-10-23 22:32:40.047+00
13,1666564274.115415__file_13.aac,1666564274.115415__file_13.ogg,2022-10-23 22:31:13.874606+00,AAC,OGG,PROCESSED,1,2022-10-23 22:32:45.47406+00
14,1666564274.351538__file_14.aac,1666564274.351538__file_14.ogg,2022-10-23 22:31:14.136404+00,AAC,OGG,PROCESSED,1,2022-10-23 22:32:49.920252+00
16,1666564274.887357__file_16.aac,1666564274.887357__file_16.wma,2022-10-23 22:31:14.672267+00,AAC,WMA,PROCESSED,1,2022-10-23 22:32:52.265888+00
17,1666564275.030981__file_17.ogg,1666564275.030981__file_17.mp3,2022-10-23 22:31:14.896208+00,OGG,MP3,PROCESSED,1,2022-10-23 22:32:58.800565+00
18,1666564275.301514__file_18.ogg,1666564275.301514__file_18.mp3,2022-10-23 22:31:15.053446+00,OGG,MP3,PROCESSED,1,2022-10-23 22:33:04.288963+00
20,1666564275.7549__file_20.ogg,1666564275.7549__file_20.aac,2022-10-23 22:31:15.525208+00,OGG,AAC,PROCESSED,1,2022-10-23 22:33:09.869095+00
21,1666564276.064766__file_21.ogg,1666564276.064766__file_21.wma,2022-10-23 22:31:15.765897+00,OGG,WMA,PROCESSED,1,2022-10-23 22:33:12.992757+00
22,1666564277.05581__file_22.wav,1666564277.05581__file_22.aac,2022-10-23 22:31:16.075333+00,WAV,AAC,PROCESSED,1,2022-10-23 22:33:16.469554+00
24,1666564279.467571__file_24.wav,1666564279.467571__file_24.ogg,2022-10-23 22:31:18.402267+00,WAV,OGG,PROCESSED,1,2022-10-23 22:33:27.11171+00
25,1666564280.594342__file_25.wav,1666564280.594342__file_25.wma,2022-10-23 22:31:19.475107+00,WAV,WMA,PROCESSED,1,2022-10-23 22:33:28.696324+00
26,1666564280.97974__file_1.mp3,1666564280.97974__file_1.aac,2022-10-23 22:31:20.646307+00,MP3,AAC,PROCESSED,1,2022-10-23 22:33:32.624473+00
28,1666564281.589136__file_3.mp3,1666564281.589136__file_3.aac,2022-10-23 22:31:21.343242+00,MP3,AAC,PROCESSED,1,2022-10-23 22:33:41.433331+00
29,1666564281.786783__file_4.mp3,1666564281.786783__file_4.ogg,2022-10-23 22:31:21.60332+00,MP3,OGG,PROCESSED,1,2022-10-23 22:33:45.56782+00
30,1666564282.050449__file_5.mp3,1666564282.050449__file_5.ogg,2022-10-23 22:31:21.793837+00,MP3,OGG,PROCESSED,1,2022-10-23 22:33:50.660171+00
32,1666564282.505328__file_7.mp3,1666564282.505328__file_7.wav,2022-10-23 22:31:22.23096+00,MP3,WAV,PROCESSED,1,2022-10-23 22:33:52.196065+00
33,1666564282.690828__file_8.mp3,1666564282.690828__file_8.wma,2022-10-23 22:31:22.513741+00,MP3,WMA,PROCESSED,1,2022-10-23 22:33:53.793676+00
34,1666564283.016946__file_9.mp3,1666564283.016946__file_9.wma,2022-10-23 22:31:22.69595+00,MP3,WMA,PROCESSED,1,2022-10-23 22:33:56.601216+00
36,1666564283.473734__file_11.aac,1666564283.473734__file_11.mp3,2022-10-23 22:31:23.179673+00,AAC,MP3,PROCESSED,1,2022-10-23 22:34:11.70363+00
37,1666564283.671968__file_12.aac,1666564283.671968__file_12.mp3,2022-10-23 22:31:23.483137+00,AAC,MP3,PROCESSED,1,2022-10-23 22:34:16.926028+00
38,1666564283.996917__file_13.aac,1666564283.996917__file_13.ogg,2022-10-23 22:31:23.675507+00,AAC,OGG,PROCESSED,1,2022-10-23 22:34:22.802127+00
40,1666564284.521455__file_15.aac,1666564284.521455__file_15.wav,2022-10-23 22:31:24.304285+00,AAC,WAV,PROCESSED,1,2022-10-23 22:34:27.801803+00
41,1666564284.733416__file_16.aac,1666564284.733416__file_16.wma,2022-10-23 22:31:24.532371+00,AAC,WMA,PROCESSED,1,2022-10-23 22:34:29.464676+00
42,1666564284.880786__file_17.ogg,1666564284.880786__file_17.mp3,2022-10-23 22:31:24.738486+00,OGG,MP3,PROCESSED,1,2022-10-23 22:34:35.861984+00
44,1666564285.303489__file_19.ogg,1666564285.303489__file_19.wav,2022-10-23 22:31:25.106629+00,OGG,WAV,PROCESSED,1,2022-10-23 22:34:42.636961+00
45,1666564285.552606__file_20.ogg,1666564285.552606__file_20.aac,2022-10-23 22:31:25.32343+00,OGG,AAC,PROCESSED,1,2022-10-23 22:34:46.93682+00
47,1666564286.804459__file_22.wav,1666564286.804459__file_22.aac,2022-10-23 22:31:25.825743+00,WAV,AAC,PROCESSED,1,2022-10-23 22:34:53.601406+00
48,1666564288.048844__file_23.wav,1666564288.048844__file_23.mp3,2022-10-23 22:31:26.823802+00,WAV,MP3,PROCESSED,1,2022-10-23 22:34:59.984755+00
49,1666564289.083923__file_24.wav,1666564289.083923__file_24.ogg,2022-10-23 22:31:28.056339+00,WAV,OGG,PROCESSED,1,2022-10-23 22:35:04.257792+00
51,1666564290.74151__file_1.mp3,1666564290.74151__file_1.aac,2022-10-23 22:31:30.203877+00,MP3,AAC,PROCESSED,1,2022-10-23 22:35:10.478014+00
52,1666564291.023238__file_2.mp3,1666564291.023238__file_2.aac,2022-10-23 22:31:30.760691+00,MP3,AAC,PROCESSED,1,2022-10-23 22:35:15.054849+00
53,1666564291.298792__file_3.mp3,1666564291.298792__file_3.aac,2022-10-23 22:31:31.033339+00,MP3,AAC,PROCESSED,1,2022-10-23 22:35:19.478247+00
54,1666564291.540455__file_4.mp3,1666564291.540455__file_4.ogg,2022-10-23 22:31:31.302025+00,MP3,OGG,PROCESSED,1,2022-10-23 22:35:23.68624+00
56,1666564292.037106__file_6.mp3,1666564292.037106__file_6.wav,2022-10-23 22:31:31.788771+00,MP3,WAV,PROCESSED,1,2022-10-23 22:35:29.851812+00
57,1666564292.294951__file_7.mp3,1666564292.294951__file_7.wav,2022-10-23 22:31:32.058197+00,MP3,WAV,PROCESSED,1,2022-10-23 22:35:30.964489+00
58,1666564292.498052__file_8.mp3,1666564292.498052__file_8.wma,2022-10-23 22:31:32.313074+00,MP3,WMA,PROCESSED,1,2022-10-23 22:35:32.731508+00
60,1666564292.997418__file_10.aac,1666564292.997418__file_10.mp3,2022-10-23 22:31:32.859006+00,AAC,MP3,PROCESSED,1,2022-10-23 22:35:44.006835+00
61,1666564293.267516__file_11.aac,1666564293.267516__file_11.mp3,2022-10-23 22:31:33.006927+00,AAC,MP3,PROCESSED,1,2022-10-23 22:35:51.920561+00
62,1666564293.47047__file_12.aac,1666564293.47047__file_12.mp3,2022-10-23 22:31:33.273033+00,AAC,MP3,PROCESSED,1,2022-10-23 22:35:57.311065+00
64,1666564294.013307__file_14.aac,1666564294.013307__file_14.ogg,2022-10-23 22:31:33.794836+00,AAC,OGG,PROCESSED,1,2022-10-23 22:36:07.783214+00
65,1666564294.28848__file_15.aac,1666564294.28848__file_15.wav,2022-10-23 22:31:34.029743+00,AAC,WAV,PROCESSED,1,2022-10-23 22:36:08.604762+00
66,1666564294.559093__file_16.aac,1666564294.559093__file_16.wma,2022-10-23 22:31:34.298629+00,AAC,WMA,PROCESSED,1,2022-10-23 22:36:10.253677+00
68,1666564294.97459__file_18.ogg,1666564294.97459__file_18.mp3,2022-10-23 22:31:34.750284+00,OGG,MP3,PROCESSED,1,2022-10-23 22:36:22.881077+00
69,1666564295.25799__file_19.ogg,1666564295.25799__file_19.wav,2022-10-23 22:31:35.066387+00,OGG,WAV,PROCESSED,1,2022-10-23 22:36:24.210208+00
70,1666564295.497075__file_20.ogg,1666564295.497075__file_20.aac,2022-10-23 22:31:35.288686+00,OGG,AAC,PROCESSED,1,2022-10-23 22:36:28.652508+00
72,1666564296.795633__file_22.wav,1666564296.795633__file_22.aac,2022-10-23 22:31:35.787998+00,WAV,AAC,PROCESSED,1,2022-10-23 22:36:35.626616+00
73,1666564298.163141__file_23.wav,1666564298.163141__file_23.mp3,2022-10-23 22:31:36.810548+00,WAV,MP3,PROCESSED,1,2022-10-23 22:36:42.198915+00
74,1666564299.189558__file_24.wav,1666564299.189558__file_24.ogg,2022-10-23 22:31:38.168804+00,WAV,OGG,PROCESSED,1,2022-10-23 22:36:46.792014+00
76,1666564300.912815__file_1.mp3,1666564300.912815__file_1.aac,2022-10-23 22:31:40.566941+00,MP3,AAC,PROCESSED,1,2022-10-23 22:36:52.783317+00
77,1666564301.186384__file_2.mp3,1666564301.186384__file_2.aac,2022-10-23 22:31:40.923978+00,MP3,AAC,PROCESSED,1,2022-10-23 22:36:57.32109+00
78,1666564301.446645__file_3.mp3,1666564301.446645__file_3.aac,2022-10-23 22:31:41.195005+00,MP3,AAC,PROCESSED,1,2022-10-23 22:37:01.5775+00
80,1666564301.965377__file_5.mp3,1666564301.965377__file_5.ogg,2022-10-23 22:31:41.65964+00,MP3,OGG,PROCESSED,1,2022-10-23 22:37:11.304298+00
4,1666564271.804349__file_4.mp3,1666564271.804349__file_4.ogg,2022-10-23 22:31:11.595172+00,MP3,OGG,PROCESSED,1,2022-10-23 22:31:45.783601+00
8,1666564272.799201__file_8.mp3,1666564272.799201__file_8.wma,2022-10-23 22:31:12.619406+00,MP3,WMA,PROCESSED,1,2022-10-23 22:32:04.183789+00
83,1666564302.593692__file_8.mp3,1666564302.593692__file_8.wma,2022-10-23 22:31:42.416654+00,MP3,WMA,PROCESSED,1,2022-10-23 22:37:14.699346+00
84,1666564302.917091__file_9.mp3,1666564302.917091__file_9.wma,2022-10-23 22:31:42.598021+00,MP3,WMA,PROCESSED,1,2022-10-23 22:37:17.509404+00
85,1666564303.068177__file_10.aac,1666564303.068177__file_10.mp3,2022-10-23 22:31:42.926606+00,AAC,MP3,PROCESSED,1,2022-10-23 22:37:25.254881+00
87,1666564303.569357__file_12.aac,1666564303.569357__file_12.mp3,2022-10-23 22:31:43.364058+00,AAC,MP3,PROCESSED,1,2022-10-23 22:37:37.421045+00
88,1666564303.867262__file_13.aac,1666564303.867262__file_13.ogg,2022-10-23 22:31:43.577795+00,AAC,OGG,PROCESSED,1,2022-10-23 22:37:43.084078+00
89,1666564304.091795__file_14.aac,1666564304.091795__file_14.ogg,2022-10-23 22:31:43.875158+00,AAC,OGG,PROCESSED,1,2022-10-23 22:37:47.534221+00
91,1666564304.636438__file_16.aac,1666564304.636438__file_16.wma,2022-10-23 22:31:44.35538+00,AAC,WMA,PROCESSED,1,2022-10-23 22:37:49.850951+00
92,1666564304.956945__file_17.ogg,1666564304.956945__file_17.mp3,2022-10-23 22:31:44.691908+00,OGG,MP3,PROCESSED,1,2022-10-23 22:37:56.987157+00
93,1666564305.176313__file_18.ogg,1666564305.176313__file_18.mp3,2022-10-23 22:31:44.981678+00,OGG,MP3,PROCESSED,1,2022-10-23 22:38:03.167655+00
95,1666564305.585016__file_20.ogg,1666564305.585016__file_20.aac,2022-10-23 22:31:45.369675+00,OGG,AAC,PROCESSED,1,2022-10-23 22:38:08.563613+00
96,1666564305.905599__file_21.ogg,1666564305.905599__file_21.wma,2022-10-23 22:31:45.591693+00,OGG,WMA,PROCESSED,1,2022-10-23 22:38:11.762959+00
98,1666564308.052954__file_23.wav,1666564308.052954__file_23.mp3,2022-10-23 22:31:47.014672+00,WAV,MP3,PROCESSED,1,2022-10-23 22:38:21.671286+00
99,1666564309.078585__file_24.wav,1666564309.078585__file_24.ogg,2022-10-23 22:31:48.134459+00,WAV,OGG,PROCESSED,1,2022-10-23 22:38:26.040971+00
100,1666564310.301924__file_25.wav,1666564310.301924__file_25.wma,2022-10-23 22:31:49.085748+00,WAV,WMA,PROCESSED,1,2022-10-23 22:38:27.534548+00
102,1666564310.927991__file_2.mp3,1666564310.927991__file_2.aac,2022-10-23 22:31:50.660633+00,MP3,AAC,PROCESSED,1,2022-10-23 22:38:35.909848+00
103,1666564311.162656__file_3.mp3,1666564311.162656__file_3.aac,2022-10-23 22:31:50.93273+00,MP3,AAC,PROCESSED,1,2022-10-23 22:38:40.575811+00
104,1666564311.362417__file_4.mp3,1666564311.362417__file_4.ogg,2022-10-23 22:31:51.176599+00,MP3,OGG,PROCESSED,1,2022-10-23 22:38:44.580036+00
106,1666564311.832649__file_6.mp3,1666564311.832649__file_6.wav,2022-10-23 22:31:51.652533+00,MP3,WAV,PROCESSED,1,2022-10-23 22:38:50.724878+00
107,1666564312.067981__file_7.mp3,1666564312.067981__file_7.wav,2022-10-23 22:31:51.840713+00,MP3,WAV,PROCESSED,1,2022-10-23 22:38:51.635208+00
108,1666564312.274917__file_8.mp3,1666564312.274917__file_8.wma,2022-10-23 22:31:52.083322+00,MP3,WMA,PROCESSED,1,2022-10-23 22:38:53.223727+00
109,1666564312.631818__file_9.mp3,1666564312.631818__file_9.wma,2022-10-23 22:31:52.280767+00,MP3,WMA,PROCESSED,1,2022-10-23 22:38:56.235357+00
111,1666564313.07018__file_11.aac,1666564313.07018__file_11.mp3,2022-10-23 22:31:52.810254+00,AAC,MP3,PROCESSED,1,2022-10-23 22:39:10.868582+00
112,1666564313.264748__file_12.aac,1666564313.264748__file_12.mp3,2022-10-23 22:31:53.075283+00,AAC,MP3,PROCESSED,1,2022-10-23 22:39:15.63454+00
113,1666564313.520046__file_13.aac,1666564313.520046__file_13.ogg,2022-10-23 22:31:53.26976+00,AAC,OGG,PROCESSED,1,2022-10-23 22:39:20.956428+00
115,1666564314.007043__file_15.aac,1666564314.007043__file_15.wav,2022-10-23 22:31:53.737847+00,AAC,WAV,PROCESSED,1,2022-10-23 22:39:26.111542+00
116,1666564314.250528__file_16.aac,1666564314.250528__file_16.wma,2022-10-23 22:31:54.018413+00,AAC,WMA,PROCESSED,1,2022-10-23 22:39:27.722276+00
118,1666564314.666164__file_18.ogg,1666564314.666164__file_18.mp3,2022-10-23 22:31:54.424278+00,OGG,MP3,PROCESSED,1,2022-10-23 22:39:39.895139+00
119,1666564314.831484__file_19.ogg,1666564314.831484__file_19.wav,2022-10-23 22:31:54.670934+00,OGG,WAV,PROCESSED,1,2022-10-23 22:39:41.052212+00
120,1666564315.168416__file_20.ogg,1666564315.168416__file_20.aac,2022-10-23 22:31:54.855528+00,OGG,AAC,PROCESSED,1,2022-10-23 22:39:45.066499+00
122,1666564316.582872__file_22.wav,1666564316.582872__file_22.aac,2022-10-23 22:31:55.457634+00,WAV,AAC,PROCESSED,1,2022-10-23 22:39:51.757901+00
123,1666564317.724291__file_23.wav,1666564317.724291__file_23.mp3,2022-10-23 22:31:56.596113+00,WAV,MP3,PROCESSED,1,2022-10-23 22:39:58.179326+00
124,1666564318.762175__file_24.wav,1666564318.762175__file_24.ogg,2022-10-23 22:31:57.732743+00,WAV,OGG,PROCESSED,1,2022-10-23 22:40:02.640422+00
126,1666564320.142549__file_1.mp3,1666564320.142549__file_1.aac,2022-10-23 22:31:59.747026+00,MP3,AAC,PROCESSED,1,2022-10-23 22:40:08.740615+00
127,1666564320.43965__file_2.mp3,1666564320.43965__file_2.aac,2022-10-23 22:32:00.150152+00,MP3,AAC,PROCESSED,1,2022-10-23 22:40:13.101698+00
128,1666564320.701284__file_3.mp3,1666564320.701284__file_3.aac,2022-10-23 22:32:00.452437+00,MP3,AAC,PROCESSED,1,2022-10-23 22:40:17.419934+00
130,1666564321.167755__file_5.mp3,1666564321.167755__file_5.ogg,2022-10-23 22:32:00.911286+00,MP3,OGG,PROCESSED,1,2022-10-23 22:40:26.61739+00
131,1666564321.37324__file_6.mp3,1666564321.37324__file_6.wav,2022-10-23 22:32:01.176212+00,MP3,WAV,PROCESSED,1,2022-10-23 22:40:27.361681+00
132,1666564321.63305__file_7.mp3,1666564321.63305__file_7.wav,2022-10-23 22:32:01.379355+00,MP3,WAV,PROCESSED,1,2022-10-23 22:40:28.236262+00
133,1666564321.802516__file_8.mp3,1666564321.802516__file_8.wma,2022-10-23 22:32:01.641069+00,MP3,WMA,PROCESSED,1,2022-10-23 22:40:29.85602+00
135,1666564322.401755__file_10.aac,1666564322.401755__file_10.mp3,2022-10-23 22:32:02.247597+00,AAC,MP3,PROCESSED,1,2022-10-23 22:40:40.353979+00
136,1666564322.664981__file_11.aac,1666564322.664981__file_11.mp3,2022-10-23 22:32:02.406951+00,AAC,MP3,PROCESSED,1,2022-10-23 22:40:47.685053+00
138,1666564323.121788__file_13.aac,1666564323.121788__file_13.ogg,2022-10-23 22:32:02.878678+00,AAC,OGG,PROCESSED,1,2022-10-23 22:40:57.884735+00
139,1666564323.447353__file_14.aac,1666564323.447353__file_14.ogg,2022-10-23 22:32:03.241041+00,AAC,OGG,PROCESSED,1,2022-10-23 22:41:02.211293+00
140,1666564323.68803__file_15.aac,1666564323.68803__file_15.wav,2022-10-23 22:32:03.452646+00,AAC,WAV,PROCESSED,1,2022-10-23 22:41:02.949148+00
142,1666564324.020203__file_17.ogg,1666564324.020203__file_17.mp3,2022-10-23 22:32:03.889445+00,OGG,MP3,PROCESSED,1,2022-10-23 22:41:11.226266+00
143,1666564324.237516__file_18.ogg,1666564324.237516__file_18.mp3,2022-10-23 22:32:04.033345+00,OGG,MP3,PROCESSED,1,2022-10-23 22:41:16.721068+00
144,1666564324.438062__file_19.ogg,1666564324.438062__file_19.wav,2022-10-23 22:32:04.247878+00,OGG,WAV,PROCESSED,1,2022-10-23 22:41:17.855782+00
146,1666564324.920014__file_21.ogg,1666564324.920014__file_21.wma,2022-10-23 22:32:04.658611+00,OGG,WMA,PROCESSED,1,2022-10-23 22:41:25.163299+00
147,1666564326.102749__file_22.wav,1666564326.102749__file_22.aac,2022-10-23 22:32:04.927418+00,WAV,AAC,PROCESSED,1,2022-10-23 22:41:28.713969+00
149,1666564328.485179__file_24.wav,1666564328.485179__file_24.ogg,2022-10-23 22:32:07.321634+00,WAV,OGG,PROCESSED,1,2022-10-23 22:41:39.313342+00
150,1666564329.617861__file_25.wav,1666564329.617861__file_25.wma,2022-10-23 22:32:08.498571+00,WAV,WMA,PROCESSED,1,2022-10-23 22:41:40.756152+00
151,1666564330.09582__file_1.mp3,1666564330.09582__file_1.aac,2022-10-23 22:32:09.640894+00,MP3,AAC,PROCESSED,1,2022-10-23 22:41:44.668565+00
152,1666564330.368005__file_2.mp3,1666564330.368005__file_2.aac,2022-10-23 22:32:10.105212+00,MP3,AAC,PROCESSED,1,2022-10-23 22:41:49.134991+00
154,1666564330.85181__file_4.mp3,1666564330.85181__file_4.ogg,2022-10-23 22:32:10.673629+00,MP3,OGG,PROCESSED,1,2022-10-23 22:41:57.09353+00
155,1666564331.14565__file_5.mp3,1666564331.14565__file_5.ogg,2022-10-23 22:32:10.857689+00,MP3,OGG,PROCESSED,1,2022-10-23 22:42:02.188461+00
156,1666564331.345966__file_6.mp3,1666564331.345966__file_6.wav,2022-10-23 22:32:11.150398+00,MP3,WAV,PROCESSED,1,2022-10-23 22:42:02.818686+00
158,1666564331.848003__file_8.mp3,1666564331.848003__file_8.wma,2022-10-23 22:32:11.61731+00,MP3,WMA,PROCESSED,1,2022-10-23 22:42:05.222537+00
159,1666564332.170509__file_9.mp3,1666564332.170509__file_9.wma,2022-10-23 22:32:11.856393+00,MP3,WMA,PROCESSED,1,2022-10-23 22:42:07.968848+00
160,1666564332.300701__file_10.aac,1666564332.300701__file_10.mp3,2022-10-23 22:32:12.180999+00,AAC,MP3,PROCESSED,1,2022-10-23 22:42:15.366314+00
161,1666564332.662354__file_11.aac,1666564332.662354__file_11.mp3,2022-10-23 22:32:12.334146+00,AAC,MP3,PROCESSED,1,2022-10-23 22:42:22.682486+00
162,1666564332.860086__file_12.aac,1666564332.860086__file_12.mp3,2022-10-23 22:32:12.67025+00,AAC,MP3,PROCESSED,1,2022-10-23 22:42:27.475008+00
163,1666564333.140772__file_13.aac,1666564333.140772__file_13.ogg,2022-10-23 22:32:12.885656+00,AAC,OGG,PROCESSED,1,2022-10-23 22:42:32.855131+00
164,1666564333.361383__file_14.aac,1666564333.361383__file_14.ogg,2022-10-23 22:32:13.144852+00,AAC,OGG,PROCESSED,1,2022-10-23 22:42:37.132944+00
165,1666564333.596056__file_15.aac,1666564333.596056__file_15.wav,2022-10-23 22:32:13.367982+00,AAC,WAV,PROCESSED,1,2022-10-23 22:42:37.879272+00
166,1666564333.774203__file_16.aac,1666564333.774203__file_16.wma,2022-10-23 22:32:13.606193+00,AAC,WMA,PROCESSED,1,2022-10-23 22:42:39.478776+00
167,1666564333.926635__file_17.ogg,1666564333.926635__file_17.mp3,2022-10-23 22:32:13.778779+00,OGG,MP3,PROCESSED,1,2022-10-23 22:42:45.950662+00
168,1666564334.133773__file_18.ogg,1666564334.133773__file_18.mp3,2022-10-23 22:32:13.938001+00,OGG,MP3,PROCESSED,1,2022-10-23 22:42:51.499873+00
169,1666564334.392316__file_19.ogg,1666564334.392316__file_19.wav,2022-10-23 22:32:14.154781+00,OGG,WAV,PROCESSED,1,2022-10-23 22:42:52.638719+00
170,1666564334.6154__file_20.ogg,1666564334.6154__file_20.aac,2022-10-23 22:32:14.396372+00,OGG,AAC,PROCESSED,1,2022-10-23 22:42:56.765257+00
171,1666564334.891691__file_21.ogg,1666564334.891691__file_21.wma,2022-10-23 22:32:14.620415+00,OGG,WMA,PROCESSED,1,2022-10-23 22:42:59.835439+00
172,1666564336.155607__file_22.wav,1666564336.155607__file_22.aac,2022-10-23 22:32:14.896334+00,WAV,AAC,PROCESSED,1,2022-10-23 22:43:04.042171+00
173,1666564337.235265__file_23.wav,1666564337.235265__file_23.mp3,2022-10-23 22:32:16.175739+00,WAV,MP3,PROCESSED,1,2022-10-23 22:43:10.719198+00
174,1666564338.207997__file_24.wav,1666564338.207997__file_24.ogg,2022-10-23 22:32:17.247918+00,WAV,OGG,PROCESSED,1,2022-10-23 22:43:15.033301+00
175,1666564339.378829__file_25.wav,1666564339.378829__file_25.wma,2022-10-23 22:32:18.22118+00,WAV,WMA,PROCESSED,1,2022-10-23 22:43:16.534155+00
176,1666564339.740438__file_1.mp3,1666564339.740438__file_1.aac,2022-10-23 22:32:19.394394+00,MP3,AAC,PROCESSED,1,2022-10-23 22:43:20.774736+00
177,1666564339.994492__file_2.mp3,1666564339.994492__file_2.aac,2022-10-23 22:32:19.747193+00,MP3,AAC,PROCESSED,1,2022-10-23 22:43:25.511905+00
178,1666564340.253793__file_3.mp3,1666564340.253793__file_3.aac,2022-10-23 22:32:20.006769+00,MP3,AAC,PROCESSED,1,2022-10-23 22:43:29.548217+00
179,1666564340.467545__file_4.mp3,1666564340.467545__file_4.ogg,2022-10-23 22:32:20.27734+00,MP3,OGG,PROCESSED,1,2022-10-23 22:43:33.64259+00
180,1666564340.704856__file_5.mp3,1666564340.704856__file_5.ogg,2022-10-23 22:32:20.473763+00,MP3,OGG,PROCESSED,1,2022-10-23 22:43:38.716412+00
181,1666564340.892433__file_6.mp3,1666564340.892433__file_6.wav,2022-10-23 22:32:20.709669+00,MP3,WAV,PROCESSED,1,2022-10-23 22:43:39.358414+00
182,1666564341.136989__file_7.mp3,1666564341.136989__file_7.wav,2022-10-23 22:32:20.896192+00,MP3,WAV,PROCESSED,1,2022-10-23 22:43:40.384568+00
183,1666564341.314407__file_8.mp3,1666564341.314407__file_8.wma,2022-10-23 22:32:21.146516+00,MP3,WMA,PROCESSED,1,2022-10-23 22:43:42.076819+00
184,1666564341.643805__file_9.mp3,1666564341.643805__file_9.wma,2022-10-23 22:32:21.335785+00,MP3,WMA,PROCESSED,1,2022-10-23 22:43:44.873205+00
185,1666564341.781731__file_10.aac,1666564341.781731__file_10.mp3,2022-10-23 22:32:21.652883+00,AAC,MP3,PROCESSED,1,2022-10-23 22:43:52.236614+00
186,1666564342.054049__file_11.aac,1666564342.054049__file_11.mp3,2022-10-23 22:32:21.799503+00,AAC,MP3,PROCESSED,1,2022-10-23 22:43:59.468541+00
187,1666564342.243942__file_12.aac,1666564342.243942__file_12.mp3,2022-10-23 22:32:22.0627+00,AAC,MP3,PROCESSED,1,2022-10-23 22:44:04.308672+00
188,1666564342.554853__file_13.aac,1666564342.554853__file_13.ogg,2022-10-23 22:32:22.25515+00,AAC,OGG,PROCESSED,1,2022-10-23 22:44:09.570763+00
189,1666564342.796022__file_14.aac,1666564342.796022__file_14.ogg,2022-10-23 22:32:22.563968+00,AAC,OGG,PROCESSED,1,2022-10-23 22:44:14.039266+00
190,1666564343.04477__file_15.aac,1666564343.04477__file_15.wav,2022-10-23 22:32:22.804873+00,AAC,WAV,PROCESSED,1,2022-10-23 22:44:14.78745+00
191,1666564343.292415__file_16.aac,1666564343.292415__file_16.wma,2022-10-23 22:32:23.049273+00,AAC,WMA,PROCESSED,1,2022-10-23 22:44:16.431317+00
192,1666564343.46412__file_17.ogg,1666564343.46412__file_17.mp3,2022-10-23 22:32:23.29615+00,OGG,MP3,PROCESSED,1,2022-10-23 22:44:22.910426+00
193,1666564343.685246__file_18.ogg,1666564343.685246__file_18.mp3,2022-10-23 22:32:23.468616+00,OGG,MP3,PROCESSED,1,2022-10-23 22:44:28.369758+00
194,1666564343.892964__file_19.ogg,1666564343.892964__file_19.wav,2022-10-23 22:32:23.690212+00,OGG,WAV,PROCESSED,1,2022-10-23 22:44:29.549072+00
195,1666564344.11913__file_20.ogg,1666564344.11913__file_20.aac,2022-10-23 22:32:23.898197+00,OGG,AAC,PROCESSED,1,2022-10-23 22:44:33.648233+00
196,1666564344.387594__file_21.ogg,1666564344.387594__file_21.wma,2022-10-23 22:32:24.124593+00,OGG,WMA,PROCESSED,1,2022-10-23 22:44:36.736012+00
197,1666564345.429638__file_22.wav,1666564345.429638__file_22.aac,2022-10-23 22:32:24.392296+00,WAV,AAC,PROCESSED,1,2022-10-23 22:44:40.222092+00
198,1666564346.81538__file_23.wav,1666564346.81538__file_23.mp3,2022-10-23 22:32:25.447676+00,WAV,MP3,PROCESSED,1,2022-10-23 22:44:46.59442+00
199,1666564347.879938__file_24.wav,1666564347.879938__file_24.ogg,2022-10-23 22:32:26.821722+00,WAV,OGG,PROCESSED,1,2022-10-23 22:44:50.856254+00
200,1666564348.945478__file_25.wav,1666564348.945478__file_25.wma,2022-10-23 22:32:27.891129+00,WAV,WMA,PROCESSED,1,2022-10-23 22:44:52.297074+00
11,1666564273.558872__file_11.aac,1666564273.558872__file_11.mp3,2022-10-23 22:31:13.275532+00,AAC,MP3,PROCESSED,1,2022-10-23 22:32:34.998698+00
15,1666564274.57604__file_15.aac,1666564274.57604__file_15.wav,2022-10-23 22:31:14.357206+00,AAC,WAV,PROCESSED,1,2022-10-23 22:32:50.670345+00
19,1666564275.521229__file_19.ogg,1666564275.521229__file_19.wav,2022-10-23 22:31:15.306116+00,OGG,WAV,PROCESSED,1,2022-10-23 22:33:05.490103+00
23,1666564278.378235__file_23.wav,1666564278.378235__file_23.mp3,2022-10-23 22:31:17.070693+00,WAV,MP3,PROCESSED,1,2022-10-23 22:33:22.829561+00
27,1666564281.314285__file_2.mp3,1666564281.314285__file_2.aac,2022-10-23 22:31:20.984391+00,MP3,AAC,PROCESSED,1,2022-10-23 22:33:37.280776+00
31,1666564282.218905__file_6.mp3,1666564282.218905__file_6.wav,2022-10-23 22:31:22.058872+00,MP3,WAV,PROCESSED,1,2022-10-23 22:33:51.300144+00
35,1666564283.169535__file_10.aac,1666564283.169535__file_10.mp3,2022-10-23 22:31:23.023619+00,AAC,MP3,PROCESSED,1,2022-10-23 22:34:03.961035+00
39,1666564284.298274__file_14.aac,1666564284.298274__file_14.ogg,2022-10-23 22:31:24.012292+00,AAC,OGG,PROCESSED,1,2022-10-23 22:34:27.071341+00
43,1666564285.09142__file_18.ogg,1666564285.09142__file_18.mp3,2022-10-23 22:31:24.888465+00,OGG,MP3,PROCESSED,1,2022-10-23 22:34:41.476508+00
46,1666564285.815318__file_21.ogg,1666564285.815318__file_21.wma,2022-10-23 22:31:25.565342+00,OGG,WMA,PROCESSED,1,2022-10-23 22:34:50.198024+00
50,1666564290.195703__file_25.wav,1666564290.195703__file_25.wma,2022-10-23 22:31:29.092879+00,WAV,WMA,PROCESSED,1,2022-10-23 22:35:05.97385+00
55,1666564291.784269__file_5.mp3,1666564291.784269__file_5.ogg,2022-10-23 22:31:31.553861+00,MP3,OGG,PROCESSED,1,2022-10-23 22:35:29.083521+00
59,1666564292.851473__file_9.mp3,1666564292.851473__file_9.wma,2022-10-23 22:31:32.501072+00,MP3,WMA,PROCESSED,1,2022-10-23 22:35:36.127492+00
63,1666564293.78522__file_13.aac,1666564293.78522__file_13.ogg,2022-10-23 22:31:33.475198+00,AAC,OGG,PROCESSED,1,2022-10-23 22:36:03.099411+00
67,1666564294.742354__file_17.ogg,1666564294.742354__file_17.mp3,2022-10-23 22:31:34.582002+00,OGG,MP3,PROCESSED,1,2022-10-23 22:36:17.264892+00
71,1666564295.779555__file_21.ogg,1666564295.779555__file_21.wma,2022-10-23 22:31:35.509801+00,OGG,WMA,PROCESSED,1,2022-10-23 22:36:31.863041+00
75,1666564300.549649__file_25.wav,1666564300.549649__file_25.wma,2022-10-23 22:31:39.248664+00,WAV,WMA,PROCESSED,1,2022-10-23 22:36:48.410501+00
79,1666564301.651615__file_4.mp3,1666564301.651615__file_4.ogg,2022-10-23 22:31:41.454939+00,MP3,OGG,PROCESSED,1,2022-10-23 22:37:06.056259+00
81,1666564302.144539__file_6.mp3,1666564302.144539__file_6.wav,2022-10-23 22:31:41.969251+00,MP3,WAV,PROCESSED,1,2022-10-23 22:37:11.957471+00
82,1666564302.407568__file_7.mp3,1666564302.407568__file_7.wav,2022-10-23 22:31:42.155188+00,MP3,WAV,PROCESSED,1,2022-10-23 22:37:12.994121+00
86,1666564303.358752__file_11.aac,1666564303.358752__file_11.mp3,2022-10-23 22:31:43.095632+00,AAC,MP3,PROCESSED,1,2022-10-23 22:37:32.584696+00
90,1666564304.330893__file_15.aac,1666564304.330893__file_15.wav,2022-10-23 22:31:44.101577+00,AAC,WAV,PROCESSED,1,2022-10-23 22:37:48.264837+00
94,1666564305.366224__file_19.ogg,1666564305.366224__file_19.wav,2022-10-23 22:31:45.184521+00,OGG,WAV,PROCESSED,1,2022-10-23 22:38:04.490863+00
97,1666564307.003711__file_22.wav,1666564307.003711__file_22.aac,2022-10-23 22:31:45.910572+00,WAV,AAC,PROCESSED,1,2022-10-23 22:38:15.334798+00
101,1666564310.656064__file_1.mp3,1666564310.656064__file_1.aac,2022-10-23 22:31:50.319592+00,MP3,AAC,PROCESSED,1,2022-10-23 22:38:31.400226+00
105,1666564311.632031__file_5.mp3,1666564311.632031__file_5.ogg,2022-10-23 22:31:51.370103+00,MP3,OGG,PROCESSED,1,2022-10-23 22:38:50.060891+00
110,1666564312.784057__file_10.aac,1666564312.784057__file_10.mp3,2022-10-23 22:31:52.650122+00,AAC,MP3,PROCESSED,1,2022-10-23 22:39:03.587044+00
114,1666564313.728642__file_14.aac,1666564313.728642__file_14.ogg,2022-10-23 22:31:53.525274+00,AAC,OGG,PROCESSED,1,2022-10-23 22:39:25.26492+00
117,1666564314.419439__file_17.ogg,1666564314.419439__file_17.mp3,2022-10-23 22:31:54.255076+00,OGG,MP3,PROCESSED,1,2022-10-23 22:39:34.183097+00
121,1666564315.448893__file_21.ogg,1666564315.448893__file_21.wma,2022-10-23 22:31:55.172008+00,OGG,WMA,PROCESSED,1,2022-10-23 22:39:48.244196+00
125,1666564319.742056__file_25.wav,1666564319.742056__file_25.wma,2022-10-23 22:31:58.772519+00,WAV,WMA,PROCESSED,1,2022-10-23 22:40:04.117714+00
129,1666564320.906521__file_4.mp3,1666564320.906521__file_4.ogg,2022-10-23 22:32:00.721423+00,MP3,OGG,PROCESSED,1,2022-10-23 22:40:21.60478+00
134,1666564322.192297__file_9.mp3,1666564322.192297__file_9.wma,2022-10-23 22:32:01.809741+00,MP3,WMA,PROCESSED,1,2022-10-23 22:40:32.595549+00
137,1666564322.875366__file_12.aac,1666564322.875366__file_12.mp3,2022-10-23 22:32:02.674469+00,AAC,MP3,PROCESSED,1,2022-10-23 22:40:52.456326+00
141,1666564323.875291__file_16.aac,1666564323.875291__file_16.wma,2022-10-23 22:32:03.69153+00,AAC,WMA,PROCESSED,1,2022-10-23 22:41:04.535247+00
145,1666564324.651783__file_20.ogg,1666564324.651783__file_20.aac,2022-10-23 22:32:04.447974+00,OGG,AAC,PROCESSED,1,2022-10-23 22:41:22.002372+00
148,1666564327.305475__file_23.wav,1666564327.305475__file_23.mp3,2022-10-23 22:32:06.120862+00,WAV,MP3,PROCESSED,1,2022-10-23 22:41:34.882919+00
153,1666564330.666928__file_3.mp3,1666564330.666928__file_3.aac,2022-10-23 22:32:10.383716+00,MP3,AAC,PROCESSED,1,2022-10-23 22:41:53.161049+00
157,1666564331.611946__file_7.mp3,1666564331.611946__file_7.wav,2022-10-23 22:32:11.352914+00,MP3,WAV,PROCESSED,1,2022-10-23 22:42:03.71297+00
