1,1666560194.016328__file_1.mp3,1666560194.016328__file_1.aac,2022-10-23 21:22:45.924914+00,MP3,AAC,PROCESSED,1,2022-10-23 21:23:22.318233+00
2,1666560194.4126__file_2.mp3,1666560194.4126__file_2.aac,2022-10-23 21:23:14.028797+00,MP3,AAC,PROCESSED,1,2022-10-23 21:23:31.103745+00
3,1666560194.713164__file_3.mp3,1666560194.713164__file_3.aac,2022-10-23 21:23:14.41855+00,MP3,AAC,PROCESSED,1,2022-10-23 21:23:39.531918+00
5,1666560195.239868__file_5.mp3,1666560195.239868__file_5.ogg,2022-10-23 21:23:14.92312+00,MP3,OGG,PROCESSED,1,2022-10-23 21:23:59.168243+00
6,1666560195.445485__file_6.mp3,1666560195.445485__file_6.wav,2022-10-23 21:23:15.25285+00,MP3,WAV,PROCESSED,1,2022-10-23 21:24:00.629992+00
7,1666560195.694871__file_7.mp3,1666560195.694871__file_7.wav,2022-10-23 21:23:15.454071+00,MP3,WAV,PROCESSED,1,2022-10-23 21:24:02.541396+00
9,1666560196.181209__file_9.mp3,1666560196.181209__file_9.wma,2022-10-23 21:23:15.898282+00,MP3,WMA,PROCESSED,1,2022-10-23 21:24:11.897341+00
10,1666560196.416851__file_10.aac,1666560196.416851__file_10.mp3,2022-10-23 21:23:16.277293+00,AAC,MP3,PROCESSED,1,2022-10-23 21:24:27.456634+00
11,1666560196.705491__file_11.aac,1666560196.705491__file_11.mp3,2022-10-23 21:23:16.431511+00,AAC,MP3,PROCESSED,1,2022-10-23 21:24:37.422007+00
13,1666560197.343111__file_13.aac,1666560197.343111__file_13.ogg,2022-10-23 21:23:17.041005+00,AAC,OGG,PROCESSED,1,2022-10-23 21:24:47.555061+00
14,1666560197.548286__file_14.aac,1666560197.548286__file_14.ogg,2022-10-23 21:23:17.348246+00,AAC,OGG,PROCESSED,1,2022-10-23 21:24:51.949187+00
16,1666560198.022899__file_16.aac,1666560198.022899__file_16.wma,2022-10-23 21:23:17.832753+00,AAC,WMA,PROCESSED,1,2022-10-23 21:24:54.222372+00
17,1666560198.173504__file_17.ogg,1666560198.173504__file_17.mp3,2022-10-23 21:23:18.030423+00,OGG,MP3,PROCESSED,1,2022-10-23 21:25:00.877388+00
18,1666560198.439775__file_18.ogg,1666560198.439775__file_18.mp3,2022-10-23 21:23:18.178162+00,OGG,MP3,PROCESSED,1,2022-10-23 21:25:06.356803+00
20,1666560198.872856__file_20.ogg,1666560198.872856__file_20.aac,2022-10-23 21:23:18.649086+00,OGG,AAC,PROCESSED,1,2022-10-23 21:25:11.613224+00
21,1666560199.161968__file_21.ogg,1666560199.161968__file_21.wma,2022-10-23 21:23:18.878006+00,OGG,WMA,PROCESSED,1,2022-10-23 21:25:14.76366+00
22,1666560200.178895__file_22.wav,1666560200.178895__file_22.aac,2022-10-23 21:23:19.169605+00,WAV,AAC,PROCESSED,1,2022-10-23 21:25:18.357544+00
24,1666560202.455699__file_24.wav,1666560202.455699__file_24.ogg,2022-10-23 21:23:21.470016+00,WAV,OGG,PROCESSED,1,2022-10-23 21:25:28.881469+00
25,1666560203.492703__file_25.wav,1666560203.492703__file_25.wma,2022-10-23 21:23:22.475047+00,WAV,WMA,PROCESSED,1,2022-10-23 21:25:30.352239+00
26,1666560203.855762__file_1.mp3,1666560203.855762__file_1.aac,2022-10-23 21:23:23.560299+00,MP3,AAC,PROCESSED,1,2022-10-23 21:25:34.333883+00
28,1666560204.530413__file_3.mp3,1666560204.530413__file_3.aac,2022-10-23 21:23:24.280741+00,MP3,AAC,PROCESSED,1,2022-10-23 21:25:42.711957+00
29,1666560204.742235__file_4.mp3,1666560204.742235__file_4.ogg,2022-10-23 21:23:24.564601+00,MP3,OGG,PROCESSED,1,2022-10-23 21:25:46.725103+00
30,1666560204.992681__file_5.mp3,1666560204.992681__file_5.ogg,2022-10-23 21:23:24.756769+00,MP3,OGG,PROCESSED,1,2022-10-23 21:25:51.801617+00
32,1666560205.449128__file_7.mp3,1666560205.449128__file_7.wav,2022-10-23 21:23:25.184251+00,MP3,WAV,PROCESSED,1,2022-10-23 21:25:53.336012+00
33,1666560205.659518__file_8.mp3,1666560205.659518__file_8.wma,2022-10-23 21:23:25.456762+00,MP3,WMA,PROCESSED,1,2022-10-23 21:25:54.927873+00
34,1666560205.976497__file_9.mp3,1666560205.976497__file_9.wma,2022-10-23 21:23:25.663813+00,MP3,WMA,PROCESSED,1,2022-10-23 21:25:57.688639+00
36,1666560206.449862__file_11.aac,1666560206.449862__file_11.mp3,2022-10-23 21:23:26.17406+00,AAC,MP3,PROCESSED,1,2022-10-23 21:26:12.301885+00
37,1666560206.652475__file_12.aac,1666560206.652475__file_12.mp3,2022-10-23 21:23:26.453414+00,AAC,MP3,PROCESSED,1,2022-10-23 21:26:17.013224+00
38,1666560206.901463__file_13.aac,1666560206.901463__file_13.ogg,2022-10-23 21:23:26.664082+00,AAC,OGG,PROCESSED,1,2022-10-23 21:26:22.361575+00
40,1666560207.529514__file_15.aac,1666560207.529514__file_15.wav,2022-10-23 21:23:27.236437+00,AAC,WAV,PROCESSED,1,2022-10-23 21:26:27.365558+00
41,1666560207.704731__file_16.aac,1666560207.704731__file_16.wma,2022-10-23 21:23:27.534351+00,AAC,WMA,PROCESSED,1,2022-10-23 21:26:28.954609+00
42,1666560207.867042__file_17.ogg,1666560207.867042__file_17.mp3,2022-10-23 21:23:27.712681+00,OGG,MP3,PROCESSED,1,2022-10-23 21:26:35.607741+00
44,1666560208.291586__file_19.ogg,1666560208.291586__file_19.wav,2022-10-23 21:23:28.113634+00,OGG,WAV,PROCESSED,1,2022-10-23 21:26:42.161398+00
45,1666560208.526763__file_20.ogg,1666560208.526763__file_20.aac,2022-10-23 21:23:28.301333+00,OGG,AAC,PROCESSED,1,2022-10-23 21:26:46.29201+00
47,1666560209.874958__file_22.wav,1666560209.874958__file_22.aac,2022-10-23 21:23:28.936579+00,WAV,AAC,PROCESSED,1,2022-10-23 21:26:53.085396+00
48,1666560211.065141__file_23.wav,1666560211.065141__file_23.mp3,2022-10-23 21:23:29.905048+00,WAV,MP3,PROCESSED,1,2022-10-23 21:26:59.331377+00
49,1666560211.949505__file_24.wav,1666560211.949505__file_24.ogg,2022-10-23 21:23:31.079344+00,WAV,OGG,PROCESSED,1,2022-10-23 21:27:03.67689+00
51,1666560213.446791__file_1.mp3,1666560213.446791__file_1.aac,2022-10-23 21:23:33.061856+00,MP3,AAC,PROCESSED,1,2022-10-23 21:27:08.986022+00
52,1666560213.7121__file_2.mp3,1666560213.7121__file_2.aac,2022-10-23 21:23:33.460295+00,MP3,AAC,PROCESSED,1,2022-10-23 21:27:13.377127+00
53,1666560213.969295__file_3.mp3,1666560213.969295__file_3.aac,2022-10-23 21:23:33.734565+00,MP3,AAC,PROCESSED,1,2022-10-23 21:27:17.378968+00
55,1666560214.436384__file_5.mp3,1666560214.436384__file_5.ogg,2022-10-23 21:23:34.18784+00,MP3,OGG,PROCESSED,1,2022-10-23 21:27:26.427355+00
56,1666560214.61731__file_6.mp3,1666560214.61731__file_6.wav,2022-10-23 21:23:34.465052+00,MP3,WAV,PROCESSED,1,2022-10-23 21:27:27.060605+00
57,1666560214.857822__file_7.mp3,1666560214.857822__file_7.wav,2022-10-23 21:23:34.627854+00,MP3,WAV,PROCESSED,1,2022-10-23 21:27:27.934732+00
58,1666560215.048735__file_8.mp3,1666560215.048735__file_8.wma,2022-10-23 21:23:34.862816+00,MP3,WMA,PROCESSED,1,2022-10-23 21:27:29.549806+00
60,1666560215.550027__file_10.aac,1666560215.550027__file_10.mp3,2022-10-23 21:23:35.42266+00,AAC,MP3,PROCESSED,1,2022-10-23 21:27:39.610734+00
61,1666560215.817567__file_11.aac,1666560215.817567__file_11.mp3,2022-10-23 21:23:35.55729+00,AAC,MP3,PROCESSED,1,2022-10-23 21:27:46.802347+00
63,1666560216.259411__file_13.aac,1666560216.259411__file_13.ogg,2022-10-23 21:23:36.020241+00,AAC,OGG,PROCESSED,1,2022-10-23 21:27:56.941432+00
64,1666560216.487196__file_14.aac,1666560216.487196__file_14.ogg,2022-10-23 21:23:36.269648+00,AAC,OGG,PROCESSED,1,2022-10-23 21:28:01.265564+00
65,1666560216.723299__file_15.aac,1666560216.723299__file_15.wav,2022-10-23 21:23:36.504075+00,AAC,WAV,PROCESSED,1,2022-10-23 21:28:01.997845+00
67,1666560217.091015__file_17.ogg,1666560217.091015__file_17.mp3,2022-10-23 21:23:36.937407+00,OGG,MP3,PROCESSED,1,2022-10-23 21:28:10.080783+00
68,1666560217.308771__file_18.ogg,1666560217.308771__file_18.mp3,2022-10-23 21:23:37.097975+00,OGG,MP3,PROCESSED,1,2022-10-23 21:28:15.747085+00
69,1666560217.612616__file_19.ogg,1666560217.612616__file_19.wav,2022-10-23 21:23:37.315923+00,OGG,WAV,PROCESSED,1,2022-10-23 21:28:16.896023+00
71,1666560218.164651__file_21.ogg,1666560218.164651__file_21.wma,2022-10-23 21:23:37.898298+00,OGG,WMA,PROCESSED,1,2022-10-23 21:28:24.08559+00
72,1666560219.197722__file_22.wav,1666560219.197722__file_22.aac,2022-10-23 21:23:38.174552+00,WAV,AAC,PROCESSED,1,2022-10-23 21:28:27.618941+00
74,1666560221.39286__file_24.wav,1666560221.39286__file_24.ogg,2022-10-23 21:23:40.463064+00,WAV,OGG,PROCESSED,1,2022-10-23 21:28:38.256969+00
75,1666560222.468909__file_25.wav,1666560222.468909__file_25.wma,2022-10-23 21:23:41.397421+00,WAV,WMA,PROCESSED,1,2022-10-23 21:28:39.919812+00
76,1666560222.838204__file_1.mp3,1666560222.838204__file_1.aac,2022-10-23 21:23:42.477601+00,MP3,AAC,PROCESSED,1,2022-10-23 21:28:43.866737+00
77,1666560223.125914__file_2.mp3,1666560223.125914__file_2.aac,2022-10-23 21:23:42.843947+00,MP3,AAC,PROCESSED,1,2022-10-23 21:28:48.288982+00
79,1666560223.593538__file_4.mp3,1666560223.593538__file_4.ogg,2022-10-23 21:23:43.383315+00,MP3,OGG,PROCESSED,1,2022-10-23 21:28:56.275019+00
80,1666560223.918648__file_5.mp3,1666560223.918648__file_5.ogg,2022-10-23 21:23:43.605242+00,MP3,OGG,PROCESSED,1,2022-10-23 21:29:01.262412+00
4,1666560194.904092__file_4.mp3,1666560194.904092__file_4.ogg,2022-10-23 21:23:14.727486+00,MP3,OGG,PROCESSED,1,2022-10-23 21:23:47.911883+00
8,1666560195.887391__file_8.mp3,1666560195.887391__file_8.wma,2022-10-23 21:23:15.704613+00,MP3,WMA,PROCESSED,1,2022-10-23 21:24:05.714402+00
83,1666560224.547914__file_8.mp3,1666560224.547914__file_8.wma,2022-10-23 21:23:44.372135+00,MP3,WMA,PROCESSED,1,2022-10-23 21:29:04.354791+00
84,1666560224.877428__file_9.mp3,1666560224.877428__file_9.wma,2022-10-23 21:23:44.561289+00,MP3,WMA,PROCESSED,1,2022-10-23 21:29:07.179237+00
85,1666560225.057019__file_10.aac,1666560225.057019__file_10.mp3,2022-10-23 21:23:44.886663+00,AAC,MP3,PROCESSED,1,2022-10-23 21:29:14.397615+00
87,1666560225.612268__file_12.aac,1666560225.612268__file_12.mp3,2022-10-23 21:23:45.373919+00,AAC,MP3,PROCESSED,1,2022-10-23 21:29:26.571637+00
88,1666560225.865656__file_13.aac,1666560225.865656__file_13.ogg,2022-10-23 21:23:45.624625+00,AAC,OGG,PROCESSED,1,2022-10-23 21:29:31.889696+00
89,1666560226.236519__file_14.aac,1666560226.236519__file_14.ogg,2022-10-23 21:23:45.868854+00,AAC,OGG,PROCESSED,1,2022-10-23 21:29:36.274951+00
91,1666560226.672952__file_16.aac,1666560226.672952__file_16.wma,2022-10-23 21:23:46.476613+00,AAC,WMA,PROCESSED,1,2022-10-23 21:29:38.610999+00
92,1666560226.819794__file_17.ogg,1666560226.819794__file_17.mp3,2022-10-23 21:23:46.682203+00,OGG,MP3,PROCESSED,1,2022-10-23 21:29:44.913629+00
93,1666560227.058958__file_18.ogg,1666560227.058958__file_18.mp3,2022-10-23 21:23:46.840056+00,OGG,MP3,PROCESSED,1,2022-10-23 21:29:50.494854+00
95,1666560227.458966__file_20.ogg,1666560227.458966__file_20.aac,2022-10-23 21:23:47.256068+00,OGG,AAC,PROCESSED,1,2022-10-23 21:29:55.641372+00
96,1666560227.809301__file_21.ogg,1666560227.809301__file_21.wma,2022-10-23 21:23:47.46672+00,OGG,WMA,PROCESSED,1,2022-10-23 21:29:58.872522+00
98,1666560230.195922__file_23.wav,1666560230.195922__file_23.mp3,2022-10-23 21:23:48.997863+00,WAV,MP3,PROCESSED,1,2022-10-23 21:30:08.60554+00
99,1666560231.288319__file_24.wav,1666560231.288319__file_24.ogg,2022-10-23 21:23:50.208416+00,WAV,OGG,PROCESSED,1,2022-10-23 21:30:12.835123+00
100,1666560232.413689__file_25.wav,1666560232.413689__file_25.wma,2022-10-23 21:23:51.346221+00,WAV,WMA,PROCESSED,1,2022-10-23 21:30:14.300168+00
102,1666560233.088665__file_2.mp3,1666560233.088665__file_2.aac,2022-10-23 21:23:52.852942+00,MP3,AAC,PROCESSED,1,2022-10-23 21:30:22.584883+00
103,1666560233.324204__file_3.mp3,1666560233.324204__file_3.aac,2022-10-23 21:23:53.093663+00,MP3,AAC,PROCESSED,1,2022-10-23 21:30:26.570134+00
104,1666560233.519738__file_4.mp3,1666560233.519738__file_4.ogg,2022-10-23 21:23:53.328552+00,MP3,OGG,PROCESSED,1,2022-10-23 21:30:30.551725+00
106,1666560234.000679__file_6.mp3,1666560234.000679__file_6.wav,2022-10-23 21:23:53.761145+00,MP3,WAV,PROCESSED,1,2022-10-23 21:30:36.149273+00
107,1666560234.297504__file_7.mp3,1666560234.297504__file_7.wav,2022-10-23 21:23:54.008974+00,MP3,WAV,PROCESSED,1,2022-10-23 21:30:37.026108+00
108,1666560234.470798__file_8.mp3,1666560234.470798__file_8.wma,2022-10-23 21:23:54.305218+00,MP3,WMA,PROCESSED,1,2022-10-23 21:30:38.726202+00
109,1666560234.773011__file_9.mp3,1666560234.773011__file_9.wma,2022-10-23 21:23:54.475418+00,MP3,WMA,PROCESSED,1,2022-10-23 21:30:41.454806+00
111,1666560235.235222__file_11.aac,1666560235.235222__file_11.mp3,2022-10-23 21:23:54.931798+00,AAC,MP3,PROCESSED,1,2022-10-23 21:30:55.963879+00
112,1666560235.445245__file_12.aac,1666560235.445245__file_12.mp3,2022-10-23 21:23:55.24324+00,AAC,MP3,PROCESSED,1,2022-10-23 21:31:00.837176+00
114,1666560235.900261__file_14.aac,1666560235.900261__file_14.ogg,2022-10-23 21:23:55.70853+00,AAC,OGG,PROCESSED,1,2022-10-23 21:31:10.38843+00
115,1666560236.115567__file_15.aac,1666560236.115567__file_15.wav,2022-10-23 21:23:55.912662+00,AAC,WAV,PROCESSED,1,2022-10-23 21:31:11.113286+00
116,1666560236.341834__file_16.aac,1666560236.341834__file_16.wma,2022-10-23 21:23:56.132143+00,AAC,WMA,PROCESSED,1,2022-10-23 21:31:12.666477+00
118,1666560236.751057__file_18.ogg,1666560236.751057__file_18.mp3,2022-10-23 21:23:56.506879+00,OGG,MP3,PROCESSED,1,2022-10-23 21:31:24.419854+00
119,1666560236.924849__file_19.ogg,1666560236.924849__file_19.wav,2022-10-23 21:23:56.755544+00,OGG,WAV,PROCESSED,1,2022-10-23 21:31:25.552845+00
120,1666560237.188778__file_20.ogg,1666560237.188778__file_20.aac,2022-10-23 21:23:56.929498+00,OGG,AAC,PROCESSED,1,2022-10-23 21:31:29.60987+00
122,1666560238.759565__file_22.wav,1666560238.759565__file_22.aac,2022-10-23 21:23:57.508507+00,WAV,AAC,PROCESSED,1,2022-10-23 21:31:36.037449+00
123,1666560240.26514__file_23.wav,1666560240.26514__file_23.mp3,2022-10-23 21:23:58.768411+00,WAV,MP3,PROCESSED,1,2022-10-23 21:31:42.301246+00
124,1666560241.301448__file_24.wav,1666560241.301448__file_24.ogg,2022-10-23 21:24:00.273358+00,WAV,OGG,PROCESSED,1,2022-10-23 21:31:46.597063+00
126,1666560242.889267__file_1.mp3,1666560242.889267__file_1.aac,2022-10-23 21:24:02.587986+00,MP3,AAC,PROCESSED,1,2022-10-23 21:31:52.038182+00
127,1666560243.175458__file_2.mp3,1666560243.175458__file_2.aac,2022-10-23 21:24:02.900115+00,MP3,AAC,PROCESSED,1,2022-10-23 21:31:56.368065+00
128,1666560243.441438__file_3.mp3,1666560243.441438__file_3.aac,2022-10-23 21:24:03.187299+00,MP3,AAC,PROCESSED,1,2022-10-23 21:32:00.458978+00
130,1666560244.047196__file_5.mp3,1666560244.047196__file_5.ogg,2022-10-23 21:24:03.770625+00,MP3,OGG,PROCESSED,1,2022-10-23 21:32:09.459507+00
131,1666560244.266163__file_6.mp3,1666560244.266163__file_6.wav,2022-10-23 21:24:04.071332+00,MP3,WAV,PROCESSED,1,2022-10-23 21:32:10.0865+00
132,1666560244.509366__file_7.mp3,1666560244.509366__file_7.wav,2022-10-23 21:24:04.275282+00,MP3,WAV,PROCESSED,1,2022-10-23 21:32:10.983793+00
133,1666560244.682092__file_8.mp3,1666560244.682092__file_8.wma,2022-10-23 21:24:04.52095+00,MP3,WMA,PROCESSED,1,2022-10-23 21:32:12.721156+00
135,1666560245.137453__file_10.aac,1666560245.137453__file_10.mp3,2022-10-23 21:24:04.998101+00,AAC,MP3,PROCESSED,1,2022-10-23 21:32:22.727284+00
136,1666560245.414845__file_11.aac,1666560245.414845__file_11.mp3,2022-10-23 21:24:05.147499+00,AAC,MP3,PROCESSED,1,2022-10-23 21:32:29.929781+00
138,1666560245.906606__file_13.aac,1666560245.906606__file_13.ogg,2022-10-23 21:24:05.623772+00,AAC,OGG,PROCESSED,1,2022-10-23 21:32:39.963762+00
139,1666560246.132141__file_14.aac,1666560246.132141__file_14.ogg,2022-10-23 21:24:05.910068+00,AAC,OGG,PROCESSED,1,2022-10-23 21:32:44.285595+00
140,1666560246.381269__file_15.aac,1666560246.381269__file_15.wav,2022-10-23 21:24:06.138082+00,AAC,WAV,PROCESSED,1,2022-10-23 21:32:45.0225+00
142,1666560246.742176__file_17.ogg,1666560246.742176__file_17.mp3,2022-10-23 21:24:06.563225+00,OGG,MP3,PROCESSED,1,2022-10-23 21:32:53.197254+00
143,1666560246.957084__file_18.ogg,1666560246.957084__file_18.mp3,2022-10-23 21:24:06.75331+00,OGG,MP3,PROCESSED,1,2022-10-23 21:32:58.660924+00
144,1666560247.141443__file_19.ogg,1666560247.141443__file_19.wav,2022-10-23 21:24:06.963375+00,OGG,WAV,PROCESSED,1,2022-10-23 21:32:59.788756+00
146,1666560247.759085__file_21.ogg,1666560247.759085__file_21.wma,2022-10-23 21:24:07.406662+00,OGG,WMA,PROCESSED,1,2022-10-23 21:33:07.069651+00
147,1666560248.907097__file_22.wav,1666560248.907097__file_22.aac,2022-10-23 21:24:07.764167+00,WAV,AAC,PROCESSED,1,2022-10-23 21:33:10.491924+00
149,1666560251.021061__file_24.wav,1666560251.021061__file_24.ogg,2022-10-23 21:24:10.082769+00,WAV,OGG,PROCESSED,1,2022-10-23 21:33:21.334065+00
150,1666560252.043037__file_25.wav,1666560252.043037__file_25.wma,2022-10-23 21:24:11.042405+00,WAV,WMA,PROCESSED,1,2022-10-23 21:33:22.797901+00
151,1666560252.389839__file_1.mp3,1666560252.389839__file_1.aac,2022-10-23 21:24:12.049762+00,MP3,AAC,PROCESSED,1,2022-10-23 21:33:26.738126+00
153,1666560252.944371__file_3.mp3,1666560252.944371__file_3.aac,2022-10-23 21:24:12.70998+00,MP3,AAC,PROCESSED,1,2022-10-23 21:33:35.13864+00
154,1666560253.174756__file_4.mp3,1666560253.174756__file_4.ogg,2022-10-23 21:24:12.950037+00,MP3,OGG,PROCESSED,1,2022-10-23 21:33:39.082597+00
155,1666560253.401426__file_5.mp3,1666560253.401426__file_5.ogg,2022-10-23 21:24:13.178903+00,MP3,OGG,PROCESSED,1,2022-10-23 21:33:44.109272+00
156,1666560253.610277__file_6.mp3,1666560253.610277__file_6.wav,2022-10-23 21:24:13.419648+00,MP3,WAV,PROCESSED,1,2022-10-23 21:33:44.74183+00
158,1666560254.095191__file_8.mp3,1666560254.095191__file_8.wma,2022-10-23 21:24:13.901373+00,MP3,WMA,PROCESSED,1,2022-10-23 21:33:47.111876+00
159,1666560254.394662__file_9.mp3,1666560254.394662__file_9.wma,2022-10-23 21:24:14.116729+00,MP3,WMA,PROCESSED,1,2022-10-23 21:33:49.930559+00
12,1666560197.031538__file_12.aac,1666560197.031538__file_12.mp3,2022-10-23 21:23:16.709023+00,AAC,MP3,PROCESSED,1,2022-10-23 21:24:42.332507+00
15,1666560197.821851__file_15.aac,1666560197.821851__file_15.wav,2022-10-23 21:23:17.556331+00,AAC,WAV,PROCESSED,1,2022-10-23 21:24:52.663023+00
19,1666560198.639997__file_19.ogg,1666560198.639997__file_19.wav,2022-10-23 21:23:18.46304+00,OGG,WAV,PROCESSED,1,2022-10-23 21:25:07.479794+00
23,1666560201.461126__file_23.wav,1666560201.461126__file_23.mp3,2022-10-23 21:23:20.294903+00,WAV,MP3,PROCESSED,1,2022-10-23 21:25:24.607754+00
27,1666560204.189084__file_2.mp3,1666560204.189084__file_2.aac,2022-10-23 21:23:23.873754+00,MP3,AAC,PROCESSED,1,2022-10-23 21:25:38.65017+00
31,1666560205.172351__file_6.mp3,1666560205.172351__file_6.wav,2022-10-23 21:23:25.002011+00,MP3,WAV,PROCESSED,1,2022-10-23 21:25:52.45455+00
35,1666560206.152304__file_10.aac,1666560206.152304__file_10.mp3,2022-10-23 21:23:26.017948+00,AAC,MP3,PROCESSED,1,2022-10-23 21:26:05.130182+00
39,1666560207.188096__file_14.aac,1666560207.188096__file_14.ogg,2022-10-23 21:23:26.916796+00,AAC,OGG,PROCESSED,1,2022-10-23 21:26:26.603989+00
43,1666560208.106557__file_18.ogg,1666560208.106557__file_18.mp3,2022-10-23 21:23:27.882162+00,OGG,MP3,PROCESSED,1,2022-10-23 21:26:41.039215+00
46,1666560208.927067__file_21.ogg,1666560208.927067__file_21.wma,2022-10-23 21:23:28.666409+00,OGG,WMA,PROCESSED,1,2022-10-23 21:26:49.535898+00
50,1666560212.983864__file_25.wav,1666560212.983864__file_25.wma,2022-10-23 21:23:31.963495+00,WAV,WMA,PROCESSED,1,2022-10-23 21:27:05.112774+00
54,1666560214.166125__file_4.mp3,1666560214.166125__file_4.ogg,2022-10-23 21:23:33.980318+00,MP3,OGG,PROCESSED,1,2022-10-23 21:27:21.306975+00
59,1666560215.362427__file_9.mp3,1666560215.362427__file_9.wma,2022-10-23 21:23:35.061274+00,MP3,WMA,PROCESSED,1,2022-10-23 21:27:32.341881+00
62,1666560216.012655__file_12.aac,1666560216.012655__file_12.mp3,2022-10-23 21:23:35.821683+00,AAC,MP3,PROCESSED,1,2022-10-23 21:27:51.49973+00
66,1666560216.930476__file_16.aac,1666560216.930476__file_16.wma,2022-10-23 21:23:36.744034+00,AAC,WMA,PROCESSED,1,2022-10-23 21:28:03.707105+00
70,1666560217.890409__file_20.ogg,1666560217.890409__file_20.aac,2022-10-23 21:23:37.617765+00,OGG,AAC,PROCESSED,1,2022-10-23 21:28:20.92792+00
73,1666560220.456069__file_23.wav,1666560220.456069__file_23.mp3,2022-10-23 21:23:39.206559+00,WAV,MP3,PROCESSED,1,2022-10-23 21:28:33.879845+00
78,1666560223.36335__file_3.mp3,1666560223.36335__file_3.aac,2022-10-23 21:23:43.132112+00,MP3,AAC,PROCESSED,1,2022-10-23 21:28:52.272931+00
81,1666560224.098272__file_6.mp3,1666560224.098272__file_6.wav,2022-10-23 21:23:43.926052+00,MP3,WAV,PROCESSED,1,2022-10-23 21:29:01.986431+00
82,1666560224.364696__file_7.mp3,1666560224.364696__file_7.wav,2022-10-23 21:23:44.118374+00,MP3,WAV,PROCESSED,1,2022-10-23 21:29:02.886034+00
86,1666560225.347476__file_11.aac,1666560225.347476__file_11.mp3,2022-10-23 21:23:45.065612+00,AAC,MP3,PROCESSED,1,2022-10-23 21:29:21.699101+00
90,1666560226.468383__file_15.aac,1666560226.468383__file_15.wav,2022-10-23 21:23:46.251488+00,AAC,WAV,PROCESSED,1,2022-10-23 21:29:37.000336+00
94,1666560227.236835__file_19.ogg,1666560227.236835__file_19.wav,2022-10-23 21:23:47.065894+00,OGG,WAV,PROCESSED,1,2022-10-23 21:29:51.628037+00
97,1666560228.991132__file_22.wav,1666560228.991132__file_22.aac,2022-10-23 21:23:47.831748+00,WAV,AAC,PROCESSED,1,2022-10-23 21:30:02.333934+00
101,1666560232.842917__file_1.mp3,1666560232.842917__file_1.aac,2022-10-23 21:23:52.435485+00,MP3,AAC,PROCESSED,1,2022-10-23 21:30:18.271947+00
105,1666560233.739833__file_5.mp3,1666560233.739833__file_5.ogg,2022-10-23 21:23:53.524814+00,MP3,OGG,PROCESSED,1,2022-10-23 21:30:35.508786+00
110,1666560234.926864__file_10.aac,1666560234.926864__file_10.mp3,2022-10-23 21:23:54.783945+00,AAC,MP3,PROCESSED,1,2022-10-23 21:30:48.871648+00
113,1666560235.700312__file_13.aac,1666560235.700312__file_13.ogg,2022-10-23 21:23:55.454255+00,AAC,OGG,PROCESSED,1,2022-10-23 21:31:06.057383+00
117,1666560236.494143__file_17.ogg,1666560236.494143__file_17.mp3,2022-10-23 21:23:56.347208+00,OGG,MP3,PROCESSED,1,2022-10-23 21:31:19.007108+00
121,1666560237.503212__file_21.ogg,1666560237.503212__file_21.wma,2022-10-23 21:23:57.20308+00,OGG,WMA,PROCESSED,1,2022-10-23 21:31:32.628241+00
125,1666560242.484221__file_25.wav,1666560242.484221__file_25.wma,2022-10-23 21:24:01.30965+00,WAV,WMA,PROCESSED,1,2022-10-23 21:31:48.038037+00
161,1666560254.868648__file_11.aac,1666560254.868648__file_11.mp3,2022-10-23 21:24:14.576047+00,AAC,MP3,PROCESSED,1,2022-10-23 21:34:04.575275+00
163,1666560255.359634__file_13.aac,1666560255.359634__file_13.ogg,2022-10-23 21:24:15.119248+00,AAC,OGG,PROCESSED,1,2022-10-23 21:34:14.717947+00
164,1666560255.572953__file_14.aac,1666560255.572953__file_14.ogg,2022-10-23 21:24:15.366942+00,AAC,OGG,PROCESSED,1,2022-10-23 21:34:18.992984+00
165,1666560255.812755__file_15.aac,1666560255.812755__file_15.wav,2022-10-23 21:24:15.594408+00,AAC,WAV,PROCESSED,1,2022-10-23 21:34:19.725638+00
167,1666560256.193045__file_17.ogg,1666560256.193045__file_17.mp3,2022-10-23 21:24:16.036892+00,OGG,MP3,PROCESSED,1,2022-10-23 21:34:27.717541+00
168,1666560256.409918__file_18.ogg,1666560256.409918__file_18.mp3,2022-10-23 21:24:16.203334+00,OGG,MP3,PROCESSED,1,2022-10-23 21:34:33.321124+00
170,1666560256.834716__file_20.ogg,1666560256.834716__file_20.aac,2022-10-23 21:24:16.597271+00,OGG,AAC,PROCESSED,1,2022-10-23 21:34:38.542925+00
171,1666560257.103676__file_21.ogg,1666560257.103676__file_21.wma,2022-10-23 21:24:16.845094+00,OGG,WMA,PROCESSED,1,2022-10-23 21:34:41.717068+00
172,1666560258.16665__file_22.wav,1666560258.16665__file_22.aac,2022-10-23 21:24:17.107049+00,WAV,AAC,PROCESSED,1,2022-10-23 21:34:45.237961+00
174,1666560260.642233__file_24.wav,1666560260.642233__file_24.ogg,2022-10-23 21:24:19.59497+00,WAV,OGG,PROCESSED,1,2022-10-23 21:34:55.923138+00
175,1666560261.69275__file_25.wav,1666560261.69275__file_25.wma,2022-10-23 21:24:20.655045+00,WAV,WMA,PROCESSED,1,2022-10-23 21:34:57.395247+00
176,1666560262.078799__file_1.mp3,1666560262.078799__file_1.aac,2022-10-23 21:24:21.704511+00,MP3,AAC,PROCESSED,1,2022-10-23 21:35:01.307662+00
177,1666560262.354414__file_2.mp3,1666560262.354414__file_2.aac,2022-10-23 21:24:22.08553+00,MP3,AAC,PROCESSED,1,2022-10-23 21:35:05.715049+00
179,1666560262.786376__file_4.mp3,1666560262.786376__file_4.ogg,2022-10-23 21:24:22.595149+00,MP3,OGG,PROCESSED,1,2022-10-23 21:35:13.714967+00
180,1666560263.03304__file_5.mp3,1666560263.03304__file_5.ogg,2022-10-23 21:24:22.79024+00,MP3,OGG,PROCESSED,1,2022-10-23 21:35:18.695166+00
181,1666560263.2228__file_6.mp3,1666560263.2228__file_6.wav,2022-10-23 21:24:23.038923+00,MP3,WAV,PROCESSED,1,2022-10-23 21:35:19.327494+00
183,1666560263.697304__file_8.mp3,1666560263.697304__file_8.wma,2022-10-23 21:24:23.510579+00,MP3,WMA,PROCESSED,1,2022-10-23 21:35:21.686232+00
184,1666560264.052357__file_9.mp3,1666560264.052357__file_9.wma,2022-10-23 21:24:23.715006+00,MP3,WMA,PROCESSED,1,2022-10-23 21:35:24.504469+00
185,1666560264.196904__file_10.aac,1666560264.196904__file_10.mp3,2022-10-23 21:24:24.066189+00,AAC,MP3,PROCESSED,1,2022-10-23 21:35:31.742406+00
187,1666560264.710863__file_12.aac,1666560264.710863__file_12.mp3,2022-10-23 21:24:24.505007+00,AAC,MP3,PROCESSED,1,2022-10-23 21:35:44.024851+00
188,1666560265.029267__file_13.aac,1666560265.029267__file_13.ogg,2022-10-23 21:24:24.715274+00,AAC,OGG,PROCESSED,1,2022-10-23 21:35:49.226149+00
189,1666560265.25254__file_14.aac,1666560265.25254__file_14.ogg,2022-10-23 21:24:25.043591+00,AAC,OGG,PROCESSED,1,2022-10-23 21:35:53.536099+00
191,1666560265.708017__file_16.aac,1666560265.708017__file_16.wma,2022-10-23 21:24:25.507984+00,AAC,WMA,PROCESSED,1,2022-10-23 21:35:55.895621+00
192,1666560265.897934__file_17.ogg,1666560265.897934__file_17.mp3,2022-10-23 21:24:25.711817+00,OGG,MP3,PROCESSED,1,2022-10-23 21:36:02.365253+00
194,1666560266.316464__file_19.ogg,1666560266.316464__file_19.wav,2022-10-23 21:24:26.150794+00,OGG,WAV,PROCESSED,1,2022-10-23 21:36:09.142921+00
195,1666560266.567792__file_20.ogg,1666560266.567792__file_20.aac,2022-10-23 21:24:26.334876+00,OGG,AAC,PROCESSED,1,2022-10-23 21:36:13.201056+00
196,1666560266.851756__file_21.ogg,1666560266.851756__file_21.wma,2022-10-23 21:24:26.576355+00,OGG,WMA,PROCESSED,1,2022-10-23 21:36:16.423339+00
198,1666560269.715117__file_23.wav,1666560269.715117__file_23.mp3,2022-10-23 21:24:28.238784+00,WAV,MP3,PROCESSED,1,2022-10-23 21:36:26.276605+00
199,1666560270.833319__file_24.wav,1666560270.833319__file_24.ogg,2022-10-23 21:24:29.732209+00,WAV,OGG,PROCESSED,1,2022-10-23 21:36:30.697779+00
200,1666560271.899839__file_25.wav,1666560271.899839__file_25.wma,2022-10-23 21:24:30.843124+00,WAV,WMA,PROCESSED,1,2022-10-23 21:36:32.178907+00
129,1666560243.697234__file_4.mp3,1666560243.697234__file_4.ogg,2022-10-23 21:24:03.447339+00,MP3,OGG,PROCESSED,1,2022-10-23 21:32:04.394648+00
134,1666560244.991077__file_9.mp3,1666560244.991077__file_9.wma,2022-10-23 21:24:04.704221+00,MP3,WMA,PROCESSED,1,2022-10-23 21:32:15.431459+00
137,1666560245.620148__file_12.aac,1666560245.620148__file_12.mp3,2022-10-23 21:24:05.427546+00,AAC,MP3,PROCESSED,1,2022-10-23 21:32:34.668287+00
141,1666560246.550167__file_16.aac,1666560246.550167__file_16.wma,2022-10-23 21:24:06.387848+00,AAC,WMA,PROCESSED,1,2022-10-23 21:32:46.58599+00
145,1666560247.397066__file_20.ogg,1666560247.397066__file_20.aac,2022-10-23 21:24:07.151476+00,OGG,AAC,PROCESSED,1,2022-10-23 21:33:03.887323+00
148,1666560250.072335__file_23.wav,1666560250.072335__file_23.mp3,2022-10-23 21:24:08.925748+00,WAV,MP3,PROCESSED,1,2022-10-23 21:33:16.931685+00
152,1666560252.705087__file_2.mp3,1666560252.705087__file_2.aac,2022-10-23 21:24:12.398909+00,MP3,AAC,PROCESSED,1,2022-10-23 21:33:31.120615+00
157,1666560253.89354__file_7.mp3,1666560253.89354__file_7.wav,2022-10-23 21:24:13.683315+00,MP3,WAV,PROCESSED,1,2022-10-23 21:33:45.634822+00
160,1666560254.56576__file_10.aac,1666560254.56576__file_10.mp3,2022-10-23 21:24:14.418649+00,AAC,MP3,PROCESSED,1,2022-10-23 21:33:57.305889+00
162,1666560255.108108__file_12.aac,1666560255.108108__file_12.mp3,2022-10-23 21:24:14.876084+00,AAC,MP3,PROCESSED,1,2022-10-23 21:34:09.335247+00
166,1666560256.031914__file_16.aac,1666560256.031914__file_16.wma,2022-10-23 21:24:15.821111+00,AAC,WMA,PROCESSED,1,2022-10-23 21:34:21.293386+00
169,1666560256.583848__file_19.ogg,1666560256.583848__file_19.wav,2022-10-23 21:24:16.416608+00,OGG,WAV,PROCESSED,1,2022-10-23 21:34:34.441309+00
173,1666560259.575504__file_23.wav,1666560259.575504__file_23.mp3,2022-10-23 21:24:18.17971+00,WAV,MP3,PROCESSED,1,2022-10-23 21:34:51.486709+00
178,1666560262.584505__file_3.mp3,1666560262.584505__file_3.aac,2022-10-23 21:24:22.362152+00,MP3,AAC,PROCESSED,1,2022-10-23 21:35:09.684522+00
182,1666560263.498553__file_7.mp3,1666560263.498553__file_7.wav,2022-10-23 21:24:23.227858+00,MP3,WAV,PROCESSED,1,2022-10-23 21:35:20.198434+00
186,1666560264.492151__file_11.aac,1666560264.492151__file_11.mp3,2022-10-23 21:24:24.209653+00,AAC,MP3,PROCESSED,1,2022-10-23 21:35:39.257652+00
190,1666560265.497537__file_15.aac,1666560265.497537__file_15.wav,2022-10-23 21:24:25.25675+00,AAC,WAV,PROCESSED,1,2022-10-23 21:35:54.346899+00
193,1666560266.121125__file_18.ogg,1666560266.121125__file_18.mp3,2022-10-23 21:24:25.908333+00,OGG,MP3,PROCESSED,1,2022-10-23 21:36:08.009045+00
197,1666560268.227233__file_22.wav,1666560268.227233__file_22.aac,2022-10-23 21:24:26.87519+00,WAV,AAC,PROCESSED,1,2022-10-23 21:36:19.908303+00
